City,Date & Time,Temperature,Temp Min,Temp Max,Humidity,Pressure,Wind Speed,Visibility,Cloud Coverage,Weather Description,Rain Volume (last 3h),Snow Volume (last 3h),Rain Volume (last 3h) cleaned,Snow Volume (last 3h) cleaned,Month-Day,Time,Day
Boulder,1/27/2025 0:00,-7.3,-8.52,-7.3,79,1027,2.5,10000,90,Overcast clouds,No rain,No snow,No rain,No snow,27-Jan,0:00,1/27/2025
Boulder,1/27/2025 3:00,-8.35,-9.18,-8.35,79,1029,3.91,10000,43,Scattered clouds,No rain,No snow,No rain,No snow,27-Jan,3:00,1/27/2025
Boulder,1/27/2025 6:00,-8.06,-8.06,-8.06,78,1029,4.66,10000,11,Few clouds,No rain,No snow,No rain,No snow,27-Jan,6:00,1/27/2025
Boulder,1/27/2025 9:00,-7.21,-7.21,-7.21,74,1028,5.12,10000,4,Clear sky,No rain,No snow,No rain,No snow,27-Jan,9:00,1/27/2025
Boulder,1/27/2025 12:00,-6.62,-6.62,-6.62,70,1026,6.09,10000,4,Clear sky,No rain,No snow,No rain,No snow,27-Jan,12:00,1/27/2025
Boulder,1/27/2025 15:00,-5.64,-5.64,-5.64,68,1025,5.88,10000,0,Clear sky,No rain,No snow,No rain,No snow,27-Jan,15:00,1/27/2025
Boulder,1/27/2025 18:00,1.59,1.59,1.59,83,1018,2.37,10000,0,Clear sky,No rain,No snow,No rain,No snow,27-Jan,18:00,1/27/2025
Boulder,1/27/2025 21:00,2.48,2.48,2.48,82,1015,1.31,10000,24,Few clouds,No rain,No snow,No rain,No snow,27-Jan,21:00,1/27/2025
Boulder,1/28/2025 0:00,-2.16,-2.16,-2.16,79,1019,3.49,10000,15,Few clouds,No rain,No snow,No rain,No snow,28-Jan,0:00,1/28/2025
Boulder,1/28/2025 3:00,-5.08,-5.08,-5.08,63,1024,5.04,10000,1,Clear sky,No rain,No snow,No rain,No snow,28-Jan,3:00,1/28/2025
Boulder,1/28/2025 6:00,-5.38,-5.38,-5.38,65,1024,5.07,10000,0,Clear sky,No rain,No snow,No rain,No snow,28-Jan,6:00,1/28/2025
Boulder,1/28/2025 9:00,-6.35,-6.35,-6.35,56,1023,5.36,10000,0,Clear sky,No rain,No snow,No rain,No snow,28-Jan,9:00,1/28/2025
Boulder,1/28/2025 12:00,-7.05,-7.05,-7.05,54,1024,5.34,10000,0,Clear sky,No rain,No snow,No rain,No snow,28-Jan,12:00,1/28/2025
Boulder,1/28/2025 15:00,-5.6,-5.6,-5.6,54,1023,4.94,10000,0,Clear sky,No rain,No snow,No rain,No snow,28-Jan,15:00,1/28/2025
Boulder,1/28/2025 18:00,2.65,2.65,2.65,58,1016,0.81,10000,0,Clear sky,No rain,No snow,No rain,No snow,28-Jan,18:00,1/28/2025
Boulder,1/28/2025 21:00,2.95,2.95,2.95,56,1014,1.74,10000,0,Clear sky,No rain,No snow,No rain,No snow,28-Jan,21:00,1/28/2025
Boulder,1/29/2025 0:00,-2.16,-2.16,-2.16,72,1018,2.71,10000,0,Clear sky,No rain,No snow,No rain,No snow,29-Jan,0:00,1/29/2025
Boulder,1/29/2025 3:00,-4.59,-4.59,-4.59,52,1023,4.8,10000,0,Clear sky,No rain,No snow,No rain,No snow,29-Jan,3:00,1/29/2025
Boulder,1/29/2025 6:00,-4.58,-4.58,-4.58,55,1024,4.87,10000,0,Clear sky,No rain,No snow,No rain,No snow,29-Jan,6:00,1/29/2025
Boulder,1/29/2025 9:00,-4.95,-4.95,-4.95,56,1025,4.58,10000,0,Clear sky,No rain,No snow,No rain,No snow,29-Jan,9:00,1/29/2025
Boulder,1/29/2025 12:00,-5.71,-5.71,-5.71,59,1026,3.95,10000,0,Clear sky,No rain,No snow,No rain,No snow,29-Jan,12:00,1/29/2025
Boulder,1/29/2025 15:00,-4.35,-4.35,-4.35,58,1026,4.07,10000,0,Clear sky,No rain,No snow,No rain,No snow,29-Jan,15:00,1/29/2025
Boulder,1/29/2025 18:00,2.6,2.6,2.6,49,1019,1.7,10000,0,Clear sky,No rain,No snow,No rain,No snow,29-Jan,18:00,1/29/2025
Boulder,1/29/2025 21:00,3.06,3.06,3.06,53,1017,1.9,10000,0,Clear sky,No rain,No snow,No rain,No snow,29-Jan,21:00,1/29/2025
Boulder,1/30/2025 0:00,-1.47,-1.47,-1.47,74,1019,1.59,10000,0,Clear sky,No rain,No snow,No rain,No snow,30-Jan,0:00,1/30/2025
Boulder,1/30/2025 3:00,-2.37,-2.37,-2.37,72,1021,3.7,10000,2,Clear sky,No rain,No snow,No rain,No snow,30-Jan,3:00,1/30/2025
Boulder,1/30/2025 6:00,-2.37,-2.37,-2.37,61,1019,3.76,10000,12,Few clouds,No rain,No snow,No rain,No snow,30-Jan,6:00,1/30/2025
Boulder,1/30/2025 9:00,-2.03,-2.03,-2.03,55,1017,4.23,10000,41,Scattered clouds,No rain,No snow,No rain,No snow,30-Jan,9:00,1/30/2025
Boulder,1/30/2025 12:00,-2.33,-2.33,-2.33,59,1015,3.02,10000,39,Scattered clouds,No rain,No snow,No rain,No snow,30-Jan,12:00,1/30/2025
Boulder,1/30/2025 15:00,-0.66,-0.66,-0.66,63,1013,2.63,10000,1,Clear sky,No rain,No snow,No rain,No snow,30-Jan,15:00,1/30/2025
Boulder,1/30/2025 18:00,3.47,3.47,3.47,58,1012,1.14,10000,3,Clear sky,No rain,No snow,No rain,No snow,30-Jan,18:00,1/30/2025
Boulder,1/30/2025 21:00,4.4,4.4,4.4,50,1010,2.21,10000,63,Broken clouds,No rain,No snow,No rain,No snow,30-Jan,21:00,1/30/2025
Boulder,1/31/2025 0:00,-0.44,-0.44,-0.44,74,1012,2.74,10000,59,Broken clouds,No rain,No snow,No rain,No snow,31-Jan,0:00,1/31/2025
Boulder,1/31/2025 3:00,-1.77,-1.77,-1.77,70,1014,3.69,10000,71,Broken clouds,No rain,No snow,No rain,No snow,31-Jan,3:00,1/31/2025
Boulder,1/31/2025 6:00,-0.19,-0.19,-0.19,71,1012,1.59,10000,85,Light snow,No rain,0.54,No rain,Snow,31-Jan,6:00,1/31/2025
Boulder,1/31/2025 9:00,-2.65,-2.65,-2.65,68,1015,3.75,10000,94,Overcast clouds,No rain,No snow,No rain,No snow,31-Jan,9:00,1/31/2025
Boulder,1/31/2025 12:00,-2.5,-2.5,-2.5,69,1014,4.46,10000,91,Overcast clouds,No rain,No snow,No rain,No snow,31-Jan,12:00,1/31/2025
Boulder,1/31/2025 15:00,-2.42,-2.42,-2.42,65,1016,5.87,10000,21,Few clouds,No rain,No snow,No rain,No snow,31-Jan,15:00,1/31/2025
Boulder,1/31/2025 18:00,3.88,3.88,3.88,47,1013,0.83,10000,18,Few clouds,No rain,No snow,No rain,No snow,31-Jan,18:00,1/31/2025
Boulder,1/31/2025 21:00,5.52,5.52,5.52,47,1009,2.22,10000,0,Clear sky,No rain,No snow,No rain,No snow,31-Jan,21:00,1/31/2025
Denver,1/27/2025 0:00,-3.9,-4.84,-3.9,75,1029,0.92,10000,84,Broken clouds,No rain,No snow,No rain,No snow,27-Jan,0:00,1/27/2025
Denver,1/27/2025 3:00,-5.8,-6.98,-5.8,86,1031,1.17,10000,35,Scattered clouds,No rain,No snow,No rain,No snow,27-Jan,3:00,1/27/2025
Denver,1/27/2025 6:00,-7.32,-7.32,-7.32,91,1031,1.62,10000,5,Clear sky,No rain,No snow,No rain,No snow,27-Jan,6:00,1/27/2025
Denver,1/27/2025 9:00,-8.09,-8.09,-8.09,92,1031,1.65,10000,5,Clear sky,No rain,No snow,No rain,No snow,27-Jan,9:00,1/27/2025
Denver,1/27/2025 12:00,-7.23,-7.23,-7.23,85,1028,2.38,10000,5,Clear sky,No rain,No snow,No rain,No snow,27-Jan,12:00,1/27/2025
Denver,1/27/2025 15:00,-6.67,-6.67,-6.67,85,1028,1.86,10000,4,Clear sky,No rain,No snow,No rain,No snow,27-Jan,15:00,1/27/2025
Denver,1/27/2025 18:00,1.88,1.88,1.88,74,1020,1.66,10000,3,Clear sky,No rain,No snow,No rain,No snow,27-Jan,18:00,1/27/2025
Denver,1/27/2025 21:00,4.28,4.28,4.28,81,1016,0.8,10000,0,Clear sky,No rain,No snow,No rain,No snow,27-Jan,21:00,1/27/2025
Denver,1/28/2025 0:00,-0.15,-0.15,-0.15,97,1019,0.77,6000,0,Clear sky,No rain,No snow,No rain,No snow,28-Jan,0:00,1/28/2025
Denver,1/28/2025 3:00,-1.91,-1.91,-1.91,93,1023,1.53,10000,2,Clear sky,No rain,No snow,No rain,No snow,28-Jan,3:00,1/28/2025
Denver,1/28/2025 6:00,-2.56,-2.56,-2.56,82,1023,2.06,10000,3,Clear sky,No rain,No snow,No rain,No snow,28-Jan,6:00,1/28/2025
Denver,1/28/2025 9:00,-3.4,-3.4,-3.4,82,1022,2.19,10000,4,Clear sky,No rain,No snow,No rain,No snow,28-Jan,9:00,1/28/2025
Denver,1/28/2025 12:00,-4.37,-4.37,-4.37,83,1023,1.88,10000,4,Clear sky,No rain,No snow,No rain,No snow,28-Jan,12:00,1/28/2025
Denver,1/28/2025 15:00,-3.98,-3.98,-3.98,76,1023,2,10000,4,Clear sky,No rain,No snow,No rain,No snow,28-Jan,15:00,1/28/2025
Denver,1/28/2025 18:00,2.35,2.35,2.35,54,1019,1.64,10000,2,Clear sky,No rain,No snow,No rain,No snow,28-Jan,18:00,1/28/2025
Denver,1/28/2025 21:00,4.9,4.9,4.9,47,1014,0.29,10000,0,Clear sky,No rain,No snow,No rain,No snow,28-Jan,21:00,1/28/2025
Denver,1/29/2025 0:00,1.78,1.78,1.78,55,1016,1.01,10000,0,Clear sky,No rain,No snow,No rain,No snow,29-Jan,0:00,1/29/2025
Denver,1/29/2025 3:00,0.74,0.74,0.74,58,1020,1.49,10000,0,Clear sky,No rain,No snow,No rain,No snow,29-Jan,3:00,1/29/2025
Denver,1/29/2025 6:00,0.02,0.02,0.02,59,1021,2.23,10000,0,Clear sky,No rain,No snow,No rain,No snow,29-Jan,6:00,1/29/2025
Denver,1/29/2025 9:00,-0.9,-0.9,-0.9,57,1023,1.26,10000,0,Clear sky,No rain,No snow,No rain,No snow,29-Jan,9:00,1/29/2025
Denver,1/29/2025 12:00,-1.5,-1.5,-1.5,60,1024,0.42,10000,0,Clear sky,No rain,No snow,No rain,No snow,29-Jan,12:00,1/29/2025
Denver,1/29/2025 15:00,-1.54,-1.54,-1.54,59,1026,2.03,10000,0,Clear sky,No rain,No snow,No rain,No snow,29-Jan,15:00,1/29/2025
Denver,1/29/2025 18:00,3.35,3.35,3.35,44,1022,3.01,10000,0,Clear sky,No rain,No snow,No rain,No snow,29-Jan,18:00,1/29/2025
Denver,1/29/2025 21:00,6.17,6.17,6.17,38,1017,2.33,10000,0,Clear sky,No rain,No snow,No rain,No snow,29-Jan,21:00,1/29/2025
Denver,1/30/2025 0:00,3.61,3.61,3.61,48,1017,1.02,10000,0,Clear sky,No rain,No snow,No rain,No snow,30-Jan,0:00,1/30/2025
Denver,1/30/2025 3:00,1.57,1.57,1.57,59,1020,1.46,10000,3,Clear sky,No rain,No snow,No rain,No snow,30-Jan,3:00,1/30/2025
Denver,1/30/2025 6:00,1.18,1.18,1.18,65,1018,1.77,10000,51,Broken clouds,No rain,No snow,No rain,No snow,30-Jan,6:00,1/30/2025
Denver,1/30/2025 9:00,1,1,1,65,1017,1.06,10000,79,Broken clouds,No rain,No snow,No rain,No snow,30-Jan,9:00,1/30/2025
Denver,1/30/2025 12:00,0.47,0.47,0.47,64,1016,1.16,10000,57,Broken clouds,No rain,No snow,No rain,No snow,30-Jan,12:00,1/30/2025
Denver,1/30/2025 15:00,0.24,0.24,0.24,61,1016,2.2,10000,14,Few clouds,No rain,No snow,No rain,No snow,30-Jan,15:00,1/30/2025
Denver,1/30/2025 18:00,4.17,4.17,4.17,44,1014,1.18,10000,27,Scattered clouds,No rain,No snow,No rain,No snow,30-Jan,18:00,1/30/2025
Denver,1/30/2025 21:00,6,6,6,39,1010,3.19,10000,100,Overcast clouds,No rain,No snow,No rain,No snow,30-Jan,21:00,1/30/2025
Denver,1/31/2025 0:00,4.16,4.16,4.16,49,1011,1.48,10000,99,Overcast clouds,No rain,No snow,No rain,No snow,31-Jan,0:00,1/31/2025
Denver,1/31/2025 3:00,0.91,0.91,0.91,82,1015,0.34,2848,100,Snow,No rain,1.98,No rain,Snow,31-Jan,3:00,1/31/2025
Denver,1/31/2025 6:00,0.58,0.58,0.58,91,1015,0.99,3693,100,Snow,No rain,3.62,No rain,Snow,31-Jan,6:00,1/31/2025
Denver,1/31/2025 9:00,0.12,0.12,0.12,95,1015,1.82,2159,100,Snow,No rain,2.38,No rain,Snow,31-Jan,9:00,1/31/2025
Denver,1/31/2025 12:00,-0.55,-0.55,-0.55,95,1013,1.7,10000,97,Light snow,No rain,0.35,No rain,Snow,31-Jan,12:00,1/31/2025
Denver,1/31/2025 15:00,-0.15,-0.15,-0.15,87,1015,0.74,10000,100,Overcast clouds,No rain,No snow,No rain,No snow,31-Jan,15:00,1/31/2025
Denver,1/31/2025 18:00,2.49,2.49,2.49,75,1017,1.81,10000,58,Broken clouds,No rain,No snow,No rain,No snow,31-Jan,18:00,1/31/2025
Denver,1/31/2025 21:00,4.7,4.7,4.7,59,1012,1.55,10000,4,Clear sky,No rain,No snow,No rain,No snow,31-Jan,21:00,1/31/2025
Colorado Springs,1/27/2025 0:00,-2.84,-4.49,-2.84,87,1022,1,10000,78,Broken clouds,No rain,No snow,No rain,No snow,27-Jan,0:00,1/27/2025
Colorado Springs,1/27/2025 3:00,-4.9,-6.34,-4.9,88,1027,2.65,10000,49,Scattered clouds,No rain,No snow,No rain,No snow,27-Jan,3:00,1/27/2025
Colorado Springs,1/27/2025 6:00,-6.14,-6.14,-6.14,81,1030,2.89,10000,14,Few clouds,No rain,No snow,No rain,No snow,27-Jan,6:00,1/27/2025
Colorado Springs,1/27/2025 9:00,-4.93,-4.93,-4.93,76,1028,3.46,10000,4,Clear sky,No rain,No snow,No rain,No snow,27-Jan,9:00,1/27/2025
Colorado Springs,1/27/2025 12:00,-4.05,-4.05,-4.05,68,1026,4.04,10000,2,Clear sky,No rain,No snow,No rain,No snow,27-Jan,12:00,1/27/2025
Colorado Springs,1/27/2025 15:00,-2.39,-2.39,-2.39,64,1024,3.74,10000,0,Clear sky,No rain,No snow,No rain,No snow,27-Jan,15:00,1/27/2025
Colorado Springs,1/27/2025 18:00,4.79,4.79,4.79,53,1018,0.38,10000,0,Clear sky,No rain,No snow,No rain,No snow,27-Jan,18:00,1/27/2025
Colorado Springs,1/27/2025 21:00,5.35,5.35,5.35,53,1015,0.34,10000,0,Clear sky,No rain,No snow,No rain,No snow,27-Jan,21:00,1/27/2025
Colorado Springs,1/28/2025 0:00,0.46,0.46,0.46,73,1018,2.32,10000,0,Clear sky,No rain,No snow,No rain,No snow,28-Jan,0:00,1/28/2025
Colorado Springs,1/28/2025 3:00,-1.41,-1.41,-1.41,68,1022,3.66,10000,0,Clear sky,No rain,No snow,No rain,No snow,28-Jan,3:00,1/28/2025
Colorado Springs,1/28/2025 6:00,-2.58,-2.58,-2.58,60,1023,3.54,10000,0,Clear sky,No rain,No snow,No rain,No snow,28-Jan,6:00,1/28/2025
Colorado Springs,1/28/2025 9:00,-3.07,-3.07,-3.07,56,1023,3.58,10000,0,Clear sky,No rain,No snow,No rain,No snow,28-Jan,9:00,1/28/2025
Colorado Springs,1/28/2025 12:00,-3.65,-3.65,-3.65,59,1022,3.39,10000,0,Clear sky,No rain,No snow,No rain,No snow,28-Jan,12:00,1/28/2025
Colorado Springs,1/28/2025 15:00,-2.02,-2.02,-2.02,58,1022,2.67,10000,0,Clear sky,No rain,No snow,No rain,No snow,28-Jan,15:00,1/28/2025
Colorado Springs,1/28/2025 18:00,4.13,4.13,4.13,45,1016,2.67,10000,0,Clear sky,No rain,No snow,No rain,No snow,28-Jan,18:00,1/28/2025
Colorado Springs,1/28/2025 21:00,4.26,4.26,4.26,50,1014,2.63,10000,21,Few clouds,No rain,No snow,No rain,No snow,28-Jan,21:00,1/28/2025
Colorado Springs,1/29/2025 0:00,-0.04,-0.04,-0.04,72,1017,0.83,10000,16,Few clouds,No rain,No snow,No rain,No snow,29-Jan,0:00,1/29/2025
Colorado Springs,1/29/2025 3:00,-1.26,-1.26,-1.26,72,1021,2.93,10000,2,Clear sky,No rain,No snow,No rain,No snow,29-Jan,3:00,1/29/2025
Colorado Springs,1/29/2025 6:00,-1.6,-1.6,-1.6,72,1023,3.17,10000,2,Clear sky,No rain,No snow,No rain,No snow,29-Jan,6:00,1/29/2025
Colorado Springs,1/29/2025 9:00,-2.09,-2.09,-2.09,68,1023,2.97,10000,0,Clear sky,No rain,No snow,No rain,No snow,29-Jan,9:00,1/29/2025
Colorado Springs,1/29/2025 12:00,-2.48,-2.48,-2.48,69,1025,3.5,10000,0,Clear sky,No rain,No snow,No rain,No snow,29-Jan,12:00,1/29/2025
Colorado Springs,1/29/2025 15:00,-1.04,-1.04,-1.04,62,1025,2.75,10000,4,Clear sky,No rain,No snow,No rain,No snow,29-Jan,15:00,1/29/2025
Colorado Springs,1/29/2025 18:00,3.61,3.61,3.61,49,1022,3.62,10000,4,Clear sky,No rain,No snow,No rain,No snow,29-Jan,18:00,1/29/2025
Colorado Springs,1/29/2025 21:00,4.7,4.7,4.7,47,1018,4.05,10000,12,Few clouds,No rain,No snow,No rain,No snow,29-Jan,21:00,1/29/2025
Colorado Springs,1/30/2025 0:00,0.75,0.75,0.75,66,1020,2.05,10000,9,Clear sky,No rain,No snow,No rain,No snow,30-Jan,0:00,1/30/2025
Colorado Springs,1/30/2025 3:00,-0.55,-0.55,-0.55,69,1024,2.55,10000,76,Broken clouds,No rain,No snow,No rain,No snow,30-Jan,3:00,1/30/2025
Colorado Springs,1/30/2025 6:00,-1.47,-1.47,-1.47,72,1024,2.99,10000,81,Broken clouds,No rain,No snow,No rain,No snow,30-Jan,6:00,1/30/2025
Colorado Springs,1/30/2025 9:00,-2.6,-2.6,-2.6,92,1022,1.78,10000,78,Broken clouds,No rain,No snow,No rain,No snow,30-Jan,9:00,1/30/2025
Colorado Springs,1/30/2025 12:00,-2.61,-2.61,-2.61,89,1019,2.37,10000,60,Broken clouds,No rain,No snow,No rain,No snow,30-Jan,12:00,1/30/2025
Colorado Springs,1/30/2025 15:00,0.31,0.31,0.31,72,1015,3.04,10000,91,Overcast clouds,No rain,No snow,No rain,No snow,30-Jan,15:00,1/30/2025
Colorado Springs,1/30/2025 18:00,5.03,5.03,5.03,50,1011,2.44,10000,88,Overcast clouds,No rain,No snow,No rain,No snow,30-Jan,18:00,1/30/2025
Colorado Springs,1/30/2025 21:00,5.64,5.64,5.64,52,1008,5.26,10000,100,Light rain,0.33,No snow,Rain,No snow,30-Jan,21:00,1/30/2025
Colorado Springs,1/31/2025 0:00,2.4,2.4,2.4,70,1009,6.06,3123,100,Light snow,No rain,0.38,No rain,Snow,31-Jan,0:00,1/31/2025
Colorado Springs,1/31/2025 3:00,0.07,0.07,0.07,90,1012,7.63,9642.253782,100,Snow,No rain,4.12,No rain,Snow,31-Jan,3:00,1/31/2025
Colorado Springs,1/31/2025 6:00,0.43,0.43,0.43,92,1011,7.6,9642.253782,100,Snow,No rain,4.1,No rain,Snow,31-Jan,6:00,1/31/2025
Colorado Springs,1/31/2025 9:00,0.82,0.82,0.82,83,1010,8.74,8624,100,Snow,No rain,2.14,No rain,Snow,31-Jan,9:00,1/31/2025
Colorado Springs,1/31/2025 12:00,1.27,1.27,1.27,82,1010,8.81,2600,100,Light snow,No rain,0.81,No rain,Snow,31-Jan,12:00,1/31/2025
Colorado Springs,1/31/2025 15:00,2.57,2.57,2.57,56,1010,7.19,10000,96,Light rain,0.21,No snow,Rain,No snow,31-Jan,15:00,1/31/2025
Colorado Springs,1/31/2025 18:00,3.66,3.66,3.66,56,1013,7.69,10000,87,Overcast clouds,No rain,No snow,No rain,No snow,31-Jan,18:00,1/31/2025
Colorado Springs,1/31/2025 21:00,6.6,6.6,6.6,48,1008,7.55,10000,14,Few clouds,No rain,No snow,No rain,No snow,31-Jan,21:00,1/31/2025
Fort Collins,1/27/2025 0:00,-4.18,-6.5,-4.18,74,1029,1.57,10000,56,Broken clouds,No rain,No snow,No rain,No snow,27-Jan,0:00,1/27/2025
Fort Collins,1/27/2025 3:00,-7.15,-9.22,-7.15,82,1032,1.81,10000,29,Scattered clouds,No rain,No snow,No rain,No snow,27-Jan,3:00,1/27/2025
Fort Collins,1/27/2025 6:00,-9.79,-9.79,-9.79,85,1034,2.34,10000,14,Few clouds,No rain,No snow,No rain,No snow,27-Jan,6:00,1/27/2025
Fort Collins,1/27/2025 9:00,-10.22,-10.22,-10.22,81,1032,1.8,10000,3,Clear sky,No rain,No snow,No rain,No snow,27-Jan,9:00,1/27/2025
Fort Collins,1/27/2025 12:00,-9.93,-9.93,-9.93,81,1030,1.96,10000,3,Clear sky,No rain,No snow,No rain,No snow,27-Jan,12:00,1/27/2025
Fort Collins,1/27/2025 15:00,-8.24,-8.24,-8.24,78,1028,1.73,10000,3,Clear sky,No rain,No snow,No rain,No snow,27-Jan,15:00,1/27/2025
Fort Collins,1/27/2025 18:00,0.95,0.95,0.95,74,1021,0.75,10000,1,Clear sky,No rain,No snow,No rain,No snow,27-Jan,18:00,1/27/2025
Fort Collins,1/27/2025 21:00,3.71,3.71,3.71,79,1017,0.52,10000,1,Clear sky,No rain,No snow,No rain,No snow,27-Jan,21:00,1/27/2025
Fort Collins,1/28/2025 0:00,-0.61,-0.61,-0.61,86,1019,1.5,10000,5,Clear sky,No rain,No snow,No rain,No snow,28-Jan,0:00,1/28/2025
Fort Collins,1/28/2025 3:00,-3.55,-3.55,-3.55,82,1023,2.38,10000,0,Clear sky,No rain,No snow,No rain,No snow,28-Jan,3:00,1/28/2025
Fort Collins,1/28/2025 6:00,-4.29,-4.29,-4.29,79,1024,2.09,10000,1,Clear sky,No rain,No snow,No rain,No snow,28-Jan,6:00,1/28/2025
Fort Collins,1/28/2025 9:00,-4.87,-4.87,-4.87,79,1024,2.34,10000,6,Clear sky,No rain,No snow,No rain,No snow,28-Jan,9:00,1/28/2025
Fort Collins,1/28/2025 12:00,-5.45,-5.45,-5.45,76,1023,2.25,10000,4,Clear sky,No rain,No snow,No rain,No snow,28-Jan,12:00,1/28/2025
Fort Collins,1/28/2025 15:00,-4.59,-4.59,-4.59,74,1023,1.95,10000,0,Clear sky,No rain,No snow,No rain,No snow,28-Jan,15:00,1/28/2025
Fort Collins,1/28/2025 18:00,2.89,2.89,2.89,61,1018,0.21,10000,0,Clear sky,No rain,No snow,No rain,No snow,28-Jan,18:00,1/28/2025
Fort Collins,1/28/2025 21:00,5.31,5.31,5.31,56,1015,0.49,10000,0,Clear sky,No rain,No snow,No rain,No snow,28-Jan,21:00,1/28/2025
Fort Collins,1/29/2025 0:00,1.55,1.55,1.55,76,1017,1.76,10000,0,Clear sky,No rain,No snow,No rain,No snow,29-Jan,0:00,1/29/2025
Fort Collins,1/29/2025 3:00,-0.06,-0.06,-0.06,73,1021,2.76,10000,1,Clear sky,No rain,No snow,No rain,No snow,29-Jan,3:00,1/29/2025
Fort Collins,1/29/2025 6:00,-1.09,-1.09,-1.09,67,1023,2.67,10000,0,Clear sky,No rain,No snow,No rain,No snow,29-Jan,6:00,1/29/2025
Fort Collins,1/29/2025 9:00,-1.68,-1.68,-1.68,64,1023,1.9,10000,0,Clear sky,No rain,No snow,No rain,No snow,29-Jan,9:00,1/29/2025
Fort Collins,1/29/2025 12:00,-2.81,-2.81,-2.81,70,1025,2.11,10000,0,Clear sky,No rain,No snow,No rain,No snow,29-Jan,12:00,1/29/2025
Fort Collins,1/29/2025 15:00,-2.6,-2.6,-2.6,68,1026,1.71,10000,0,Clear sky,No rain,No snow,No rain,No snow,29-Jan,15:00,1/29/2025
Fort Collins,1/29/2025 18:00,2.8,2.8,2.8,51,1022,1.37,10000,1,Clear sky,No rain,No snow,No rain,No snow,29-Jan,18:00,1/29/2025
Fort Collins,1/29/2025 21:00,5.19,5.19,5.19,45,1018,1.68,10000,0,Clear sky,No rain,No snow,No rain,No snow,29-Jan,21:00,1/29/2025
Fort Collins,1/30/2025 0:00,2.05,2.05,2.05,56,1018,1.41,10000,0,Clear sky,No rain,No snow,No rain,No snow,30-Jan,0:00,1/30/2025
Fort Collins,1/30/2025 3:00,0.18,0.18,0.18,64,1020,0.53,10000,0,Clear sky,No rain,No snow,No rain,No snow,30-Jan,3:00,1/30/2025
Fort Collins,1/30/2025 6:00,-0.13,-0.13,-0.13,66,1019,1.49,10000,1,Clear sky,No rain,No snow,No rain,No snow,30-Jan,6:00,1/30/2025
Fort Collins,1/30/2025 9:00,-0.6,-0.6,-0.6,66,1018,2.13,10000,58,Broken clouds,No rain,No snow,No rain,No snow,30-Jan,9:00,1/30/2025
Fort Collins,1/30/2025 12:00,-0.74,-0.74,-0.74,63,1016,1.62,10000,29,Scattered clouds,No rain,No snow,No rain,No snow,30-Jan,12:00,1/30/2025
Fort Collins,1/30/2025 15:00,0.41,0.41,0.41,54,1015,2.17,10000,0,Clear sky,No rain,No snow,No rain,No snow,30-Jan,15:00,1/30/2025
Fort Collins,1/30/2025 18:00,4.57,4.57,4.57,43,1014,0.86,10000,8,Clear sky,No rain,No snow,No rain,No snow,30-Jan,18:00,1/30/2025
Fort Collins,1/30/2025 21:00,8.29,8.29,8.29,31,1010,1.95,10000,33,Scattered clouds,No rain,No snow,No rain,No snow,30-Jan,21:00,1/30/2025
Fort Collins,1/31/2025 0:00,4.24,4.24,4.24,49,1010,1.92,10000,36,Scattered clouds,No rain,No snow,No rain,No snow,31-Jan,0:00,1/31/2025
Fort Collins,1/31/2025 3:00,2.34,2.34,2.34,56,1013,3.33,10000,52,Broken clouds,No rain,No snow,No rain,No snow,31-Jan,3:00,1/31/2025
Fort Collins,1/31/2025 6:00,2.05,2.05,2.05,53,1013,1.76,10000,74,Broken clouds,No rain,No snow,No rain,No snow,31-Jan,6:00,1/31/2025
Fort Collins,1/31/2025 9:00,1.35,1.35,1.35,51,1013,2.88,10000,90,Overcast clouds,No rain,No snow,No rain,No snow,31-Jan,9:00,1/31/2025
Fort Collins,1/31/2025 12:00,1.4,1.4,1.4,48,1012,2.61,10000,94,Overcast clouds,No rain,No snow,No rain,No snow,31-Jan,12:00,1/31/2025
Fort Collins,1/31/2025 15:00,2.12,2.12,2.12,41,1014,3.42,10000,62,Broken clouds,No rain,No snow,No rain,No snow,31-Jan,15:00,1/31/2025
Fort Collins,1/31/2025 18:00,8.61,8.61,8.61,26,1012,3.28,10000,80,Broken clouds,No rain,No snow,No rain,No snow,31-Jan,18:00,1/31/2025
Fort Collins,1/31/2025 21:00,11.26,11.26,11.26,21,1008,3.08,10000,0,Clear sky,No rain,No snow,No rain,No snow,31-Jan,21:00,1/31/2025
Aurora,1/27/2025 0:00,-4.46,-5.54,-4.46,76,1029,0.81,10000,30,Scattered clouds,No rain,No snow,No rain,No snow,27-Jan,0:00,1/27/2025
Aurora,1/27/2025 3:00,-6.54,-7.85,-6.54,86,1031,1.78,10000,10,Clear sky,No rain,No snow,No rain,No snow,27-Jan,3:00,1/27/2025
Aurora,1/27/2025 6:00,-7.74,-7.74,-7.74,89,1031,2.58,10000,5,Clear sky,No rain,No snow,No rain,No snow,27-Jan,6:00,1/27/2025
Aurora,1/27/2025 9:00,-8.8,-8.8,-8.8,92,1031,2.15,10000,6,Clear sky,No rain,No snow,No rain,No snow,27-Jan,9:00,1/27/2025
Aurora,1/27/2025 12:00,-7.45,-7.45,-7.45,79,1027,3.55,10000,5,Clear sky,No rain,No snow,No rain,No snow,27-Jan,12:00,1/27/2025
Aurora,1/27/2025 15:00,-7.11,-7.11,-7.11,80,1028,2.81,10000,2,Clear sky,No rain,No snow,No rain,No snow,27-Jan,15:00,1/27/2025
Aurora,1/27/2025 18:00,1.48,1.48,1.48,64,1021,2.7,10000,1,Clear sky,No rain,No snow,No rain,No snow,27-Jan,18:00,1/27/2025
Aurora,1/27/2025 21:00,4.69,4.69,4.69,65,1016,0.66,10000,0,Clear sky,No rain,No snow,No rain,No snow,27-Jan,21:00,1/27/2025
Aurora,1/28/2025 0:00,-0.65,-0.65,-0.65,89,1019,0.64,10000,0,Clear sky,No rain,No snow,No rain,No snow,28-Jan,0:00,1/28/2025
Aurora,1/28/2025 3:00,-2.99,-2.99,-2.99,93,1023,2.01,10000,1,Clear sky,No rain,No snow,No rain,No snow,28-Jan,3:00,1/28/2025
Aurora,1/28/2025 6:00,-3.42,-3.42,-3.42,80,1023,2.88,10000,2,Clear sky,No rain,No snow,No rain,No snow,28-Jan,6:00,1/28/2025
Aurora,1/28/2025 9:00,-4.01,-4.01,-4.01,77,1022,3.12,10000,2,Clear sky,No rain,No snow,No rain,No snow,28-Jan,9:00,1/28/2025
Aurora,1/28/2025 12:00,-5.2,-5.2,-5.2,79,1023,2.66,10000,2,Clear sky,No rain,No snow,No rain,No snow,28-Jan,12:00,1/28/2025
Aurora,1/28/2025 15:00,-4.51,-4.51,-4.51,71,1023,3,10000,2,Clear sky,No rain,No snow,No rain,No snow,28-Jan,15:00,1/28/2025
Aurora,1/28/2025 18:00,2.27,2.27,2.27,48,1018,2.44,10000,1,Clear sky,No rain,No snow,No rain,No snow,28-Jan,18:00,1/28/2025
Aurora,1/28/2025 21:00,5.07,5.07,5.07,41,1014,1.03,10000,0,Clear sky,No rain,No snow,No rain,No snow,28-Jan,21:00,1/28/2025
Aurora,1/29/2025 0:00,1.03,1.03,1.03,53,1016,0.99,10000,0,Clear sky,No rain,No snow,No rain,No snow,29-Jan,0:00,1/29/2025
Aurora,1/29/2025 3:00,-0.13,-0.13,-0.13,59,1020,1.99,10000,0,Clear sky,No rain,No snow,No rain,No snow,29-Jan,3:00,1/29/2025
Aurora,1/29/2025 6:00,-0.92,-0.92,-0.92,61,1021,3.02,10000,0,Clear sky,No rain,No snow,No rain,No snow,29-Jan,6:00,1/29/2025
Aurora,1/29/2025 9:00,-1.93,-1.93,-1.93,59,1023,1.53,10000,0,Clear sky,No rain,No snow,No rain,No snow,29-Jan,9:00,1/29/2025
Aurora,1/29/2025 12:00,-2.78,-2.78,-2.78,61,1024,1.51,10000,0,Clear sky,No rain,No snow,No rain,No snow,29-Jan,12:00,1/29/2025
Aurora,1/29/2025 15:00,-2.56,-2.56,-2.56,60,1026,2.58,10000,0,Clear sky,No rain,No snow,No rain,No snow,29-Jan,15:00,1/29/2025
Aurora,1/29/2025 18:00,3.09,3.09,3.09,42,1022,3.75,10000,0,Clear sky,No rain,No snow,No rain,No snow,29-Jan,18:00,1/29/2025
Aurora,1/29/2025 21:00,6.4,6.4,6.4,35,1016,4,10000,0,Clear sky,No rain,No snow,No rain,No snow,29-Jan,21:00,1/29/2025
Aurora,1/30/2025 0:00,2.58,2.58,2.58,49,1018,1.41,10000,0,Clear sky,No rain,No snow,No rain,No snow,30-Jan,0:00,1/30/2025
Aurora,1/30/2025 3:00,0.69,0.69,0.69,59,1020,3.06,10000,15,Few clouds,No rain,No snow,No rain,No snow,30-Jan,3:00,1/30/2025
Aurora,1/30/2025 6:00,0.64,0.64,0.64,57,1019,4.18,10000,59,Broken clouds,No rain,No snow,No rain,No snow,30-Jan,6:00,1/30/2025
Aurora,1/30/2025 9:00,0.27,0.27,0.27,63,1017,3.04,10000,89,Overcast clouds,No rain,No snow,No rain,No snow,30-Jan,9:00,1/30/2025
Aurora,1/30/2025 12:00,-0.34,-0.34,-0.34,66,1016,1.9,10000,68,Broken clouds,No rain,No snow,No rain,No snow,30-Jan,12:00,1/30/2025
Aurora,1/30/2025 15:00,-0.42,-0.42,-0.42,62,1016,2.69,10000,6,Clear sky,No rain,No snow,No rain,No snow,30-Jan,15:00,1/30/2025
Aurora,1/30/2025 18:00,4.48,4.48,4.48,42,1013,1.61,10000,25,Scattered clouds,No rain,No snow,No rain,No snow,30-Jan,18:00,1/30/2025
Aurora,1/30/2025 21:00,5.62,5.62,5.62,39,1010,3.81,10000,100,Overcast clouds,No rain,No snow,No rain,No snow,30-Jan,21:00,1/30/2025
Aurora,1/31/2025 0:00,3.14,3.14,3.14,52,1011,2.14,10000,100,Overcast clouds,No rain,No snow,No rain,No snow,31-Jan,0:00,1/31/2025
Aurora,1/31/2025 3:00,-0.48,-0.48,-0.48,93,1015,1.84,983,100,Snow,No rain,3.66,No rain,Snow,31-Jan,3:00,1/31/2025
Aurora,1/31/2025 6:00,-0.4,-0.4,-0.4,97,1015,1.05,1303,100,Snow,No rain,7.43,No rain,Snow,31-Jan,6:00,1/31/2025
Aurora,1/31/2025 9:00,-0.83,-0.83,-0.83,98,1015,3.89,1060,100,Snow,No rain,4.49,No rain,Snow,31-Jan,9:00,1/31/2025
Aurora,1/31/2025 12:00,-1.91,-1.91,-1.91,99,1014,2.2,10000,98,Light snow,No rain,0.88,No rain,Snow,31-Jan,12:00,1/31/2025
Aurora,1/31/2025 15:00,-2.14,-2.14,-2.14,95,1016,1.41,10000,100,Overcast clouds,No rain,No snow,No rain,No snow,31-Jan,15:00,1/31/2025
Aurora,1/31/2025 18:00,1.03,1.03,1.03,93,1017,1.42,10000,71,Broken clouds,No rain,No snow,No rain,No snow,31-Jan,18:00,1/31/2025
Aurora,1/31/2025 21:00,2.09,2.09,2.09,86,1013,2.09,10000,9,Clear sky,No rain,No snow,No rain,No snow,31-Jan,21:00,1/31/2025
Grand Junction,1/27/2025 0:00,5.33,2.96,5.33,43,1020,0.43,10000,52,Broken clouds,No rain,No snow,No rain,No snow,27-Jan,0:00,1/27/2025
Grand Junction,1/27/2025 3:00,3.11,1.41,3.11,51,1021,0.91,10000,43,Scattered clouds,No rain,No snow,No rain,No snow,27-Jan,3:00,1/27/2025
Grand Junction,1/27/2025 6:00,0.76,0.76,0.76,60,1024,1.01,10000,45,Scattered clouds,No rain,No snow,No rain,No snow,27-Jan,6:00,1/27/2025
Grand Junction,1/27/2025 9:00,0.53,0.53,0.53,56,1025,1.72,10000,44,Scattered clouds,No rain,No snow,No rain,No snow,27-Jan,9:00,1/27/2025
Grand Junction,1/27/2025 12:00,-0.31,-0.31,-0.31,59,1026,2.08,10000,23,Few clouds,No rain,No snow,No rain,No snow,27-Jan,12:00,1/27/2025
Grand Junction,1/27/2025 15:00,-0.34,-0.34,-0.34,54,1026,2.7,10000,0,Clear sky,No rain,No snow,No rain,No snow,27-Jan,15:00,1/27/2025
Grand Junction,1/27/2025 18:00,3.51,3.51,3.51,36,1024,3.51,10000,0,Clear sky,No rain,No snow,No rain,No snow,27-Jan,18:00,1/27/2025
Grand Junction,1/27/2025 21:00,6.22,6.22,6.22,31,1018,2.46,10000,0,Clear sky,No rain,No snow,No rain,No snow,27-Jan,21:00,1/27/2025
Grand Junction,1/28/2025 0:00,4.13,4.13,4.13,40,1016,1.3,10000,0,Clear sky,No rain,No snow,No rain,No snow,28-Jan,0:00,1/28/2025
Grand Junction,1/28/2025 3:00,2.17,2.17,2.17,49,1018,0.1,10000,36,Scattered clouds,No rain,No snow,No rain,No snow,28-Jan,3:00,1/28/2025
Grand Junction,1/28/2025 6:00,1.1,1.1,1.1,56,1019,0.51,10000,56,Broken clouds,No rain,No snow,No rain,No snow,28-Jan,6:00,1/28/2025
Grand Junction,1/28/2025 9:00,0.56,0.56,0.56,60,1019,1.14,10000,2,Clear sky,No rain,No snow,No rain,No snow,28-Jan,9:00,1/28/2025
Grand Junction,1/28/2025 12:00,-0.36,-0.36,-0.36,62,1019,0.74,10000,0,Clear sky,No rain,No snow,No rain,No snow,28-Jan,12:00,1/28/2025
Grand Junction,1/28/2025 15:00,0.39,0.39,0.39,58,1020,1.28,10000,78,Broken clouds,No rain,No snow,No rain,No snow,28-Jan,15:00,1/28/2025
Grand Junction,1/28/2025 18:00,2.92,2.92,2.92,45,1019,1.39,10000,50,Scattered clouds,No rain,No snow,No rain,No snow,28-Jan,18:00,1/28/2025
Grand Junction,1/28/2025 21:00,5.74,5.74,5.74,35,1014,1.04,10000,21,Few clouds,No rain,No snow,No rain,No snow,28-Jan,21:00,1/28/2025
Grand Junction,1/29/2025 0:00,3.73,3.73,3.73,46,1016,2.37,10000,47,Light rain,0.12,No snow,Rain,No snow,29-Jan,0:00,1/29/2025
Grand Junction,1/29/2025 3:00,1.79,1.79,1.79,54,1018,1.62,10000,46,Scattered clouds,No rain,No snow,No rain,No snow,29-Jan,3:00,1/29/2025
Grand Junction,1/29/2025 6:00,0.95,0.95,0.95,56,1020,0.51,10000,33,Scattered clouds,No rain,No snow,No rain,No snow,29-Jan,6:00,1/29/2025
Grand Junction,1/29/2025 9:00,0.59,0.59,0.59,56,1021,0.49,10000,1,Clear sky,No rain,No snow,No rain,No snow,29-Jan,9:00,1/29/2025
Grand Junction,1/29/2025 12:00,0.28,0.28,0.28,58,1021,1.48,10000,0,Clear sky,No rain,No snow,No rain,No snow,29-Jan,12:00,1/29/2025
Grand Junction,1/29/2025 15:00,0.2,0.2,0.2,60,1023,2.39,10000,0,Clear sky,No rain,No snow,No rain,No snow,29-Jan,15:00,1/29/2025
Grand Junction,1/29/2025 18:00,3.62,3.62,3.62,46,1022,2.29,10000,0,Clear sky,No rain,No snow,No rain,No snow,29-Jan,18:00,1/29/2025
Grand Junction,1/29/2025 21:00,6.44,6.44,6.44,35,1017,1.39,10000,0,Clear sky,No rain,No snow,No rain,No snow,29-Jan,21:00,1/29/2025
Grand Junction,1/30/2025 0:00,4.92,4.92,4.92,42,1016,1.51,10000,0,Clear sky,No rain,No snow,No rain,No snow,30-Jan,0:00,1/30/2025
Grand Junction,1/30/2025 3:00,2.63,2.63,2.63,46,1017,0.36,10000,0,Clear sky,No rain,No snow,No rain,No snow,30-Jan,3:00,1/30/2025
Grand Junction,1/30/2025 6:00,2.38,2.38,2.38,48,1018,0.35,10000,25,Scattered clouds,No rain,No snow,No rain,No snow,30-Jan,6:00,1/30/2025
Grand Junction,1/30/2025 9:00,1.88,1.88,1.88,50,1019,1.32,10000,81,Broken clouds,No rain,No snow,No rain,No snow,30-Jan,9:00,1/30/2025
Grand Junction,1/30/2025 12:00,0.94,0.94,0.94,52,1018,0.58,10000,70,Broken clouds,No rain,No snow,No rain,No snow,30-Jan,12:00,1/30/2025
Grand Junction,1/30/2025 15:00,1.15,1.15,1.15,52,1019,1.2,10000,25,Scattered clouds,No rain,No snow,No rain,No snow,30-Jan,15:00,1/30/2025
Grand Junction,1/30/2025 18:00,4.7,4.7,4.7,40,1017,0.47,10000,12,Few clouds,No rain,No snow,No rain,No snow,30-Jan,18:00,1/30/2025
Grand Junction,1/30/2025 21:00,6.57,6.57,6.57,34,1014,2.75,10000,2,Clear sky,No rain,No snow,No rain,No snow,30-Jan,21:00,1/30/2025
Grand Junction,1/31/2025 0:00,5.23,5.23,5.23,37,1014,3.08,10000,1,Clear sky,No rain,No snow,No rain,No snow,31-Jan,0:00,1/31/2025
Grand Junction,1/31/2025 3:00,2.74,2.74,2.74,41,1015,2.16,10000,0,Clear sky,No rain,No snow,No rain,No snow,31-Jan,3:00,1/31/2025
Grand Junction,1/31/2025 6:00,2.15,2.15,2.15,44,1017,0.97,10000,0,Clear sky,No rain,No snow,No rain,No snow,31-Jan,6:00,1/31/2025
Grand Junction,1/31/2025 9:00,1.4,1.4,1.4,46,1017,1.34,10000,0,Clear sky,No rain,No snow,No rain,No snow,31-Jan,9:00,1/31/2025
Grand Junction,1/31/2025 12:00,0.71,0.71,0.71,49,1019,0.41,10000,0,Clear sky,No rain,No snow,No rain,No snow,31-Jan,12:00,1/31/2025
Grand Junction,1/31/2025 15:00,1.02,1.02,1.02,46,1021,0.66,10000,0,Clear sky,No rain,No snow,No rain,No snow,31-Jan,15:00,1/31/2025
Grand Junction,1/31/2025 18:00,4.92,4.92,4.92,35,1021,1.28,10000,0,Clear sky,No rain,No snow,No rain,No snow,31-Jan,18:00,1/31/2025
Grand Junction,1/31/2025 21:00,7.36,7.36,7.36,30,1017,0.44,10000,0,Clear sky,No rain,No snow,No rain,No snow,31-Jan,21:00,1/31/2025
Pueblo,1/27/2025 0:00,-2.38,-3.05,-2.38,70,1027,2.62,10000,14,Few clouds,No rain,No snow,No rain,No snow,27-Jan,0:00,1/27/2025
Pueblo,1/27/2025 3:00,-4.01,-4.99,-4.01,79,1030,1.58,10000,9,Clear sky,No rain,No snow,No rain,No snow,27-Jan,3:00,1/27/2025
Pueblo,1/27/2025 6:00,-5.79,-5.79,-5.79,85,1032,1.73,10000,3,Clear sky,No rain,No snow,No rain,No snow,27-Jan,6:00,1/27/2025
Pueblo,1/27/2025 9:00,-6.85,-6.85,-6.85,87,1031,0.75,10000,5,Clear sky,No rain,No snow,No rain,No snow,27-Jan,9:00,1/27/2025
Pueblo,1/27/2025 12:00,-7.49,-7.49,-7.49,87,1030,0.41,10000,6,Clear sky,No rain,No snow,No rain,No snow,27-Jan,12:00,1/27/2025
Pueblo,1/27/2025 15:00,-6.93,-6.93,-6.93,83,1030,0.95,10000,6,Clear sky,No rain,No snow,No rain,No snow,27-Jan,15:00,1/27/2025
Pueblo,1/27/2025 18:00,0.83,0.83,0.83,51,1023,1.24,10000,4,Clear sky,No rain,No snow,No rain,No snow,27-Jan,18:00,1/27/2025
Pueblo,1/27/2025 21:00,4.76,4.76,4.76,49,1017,1.9,10000,0,Clear sky,No rain,No snow,No rain,No snow,27-Jan,21:00,1/27/2025
Pueblo,1/28/2025 0:00,1.03,1.03,1.03,61,1017,1.1,10000,0,Clear sky,No rain,No snow,No rain,No snow,28-Jan,0:00,1/28/2025
Pueblo,1/28/2025 3:00,-0.46,-0.46,-0.46,67,1020,1.82,10000,0,Clear sky,No rain,No snow,No rain,No snow,28-Jan,3:00,1/28/2025
Pueblo,1/28/2025 6:00,-0.87,-0.87,-0.87,66,1021,2.67,10000,0,Clear sky,No rain,No snow,No rain,No snow,28-Jan,6:00,1/28/2025
Pueblo,1/28/2025 9:00,-2.01,-2.01,-2.01,64,1021,1.6,10000,0,Clear sky,No rain,No snow,No rain,No snow,28-Jan,9:00,1/28/2025
Pueblo,1/28/2025 12:00,-2.63,-2.63,-2.63,62,1021,1.8,10000,0,Clear sky,No rain,No snow,No rain,No snow,28-Jan,12:00,1/28/2025
Pueblo,1/28/2025 15:00,-2.42,-2.42,-2.42,58,1022,1.71,10000,1,Clear sky,No rain,No snow,No rain,No snow,28-Jan,15:00,1/28/2025
Pueblo,1/28/2025 18:00,3.03,3.03,3.03,42,1019,1.6,10000,18,Few clouds,No rain,No snow,No rain,No snow,28-Jan,18:00,1/28/2025
Pueblo,1/28/2025 21:00,5.46,5.46,5.46,37,1015,0.54,10000,4,Clear sky,No rain,No snow,No rain,No snow,28-Jan,21:00,1/28/2025
Pueblo,1/29/2025 0:00,1.48,1.48,1.48,50,1015,0.77,10000,2,Clear sky,No rain,No snow,No rain,No snow,29-Jan,0:00,1/29/2025
Pueblo,1/29/2025 3:00,0.92,0.92,0.92,49,1018,1.4,10000,0,Clear sky,No rain,No snow,No rain,No snow,29-Jan,3:00,1/29/2025
Pueblo,1/29/2025 6:00,0.3,0.3,0.3,53,1021,2,10000,0,Clear sky,No rain,No snow,No rain,No snow,29-Jan,6:00,1/29/2025
Pueblo,1/29/2025 9:00,0.39,0.39,0.39,51,1021,2.51,10000,2,Clear sky,No rain,No snow,No rain,No snow,29-Jan,9:00,1/29/2025
Pueblo,1/29/2025 12:00,-0.3,-0.3,-0.3,54,1022,2.77,10000,1,Clear sky,No rain,No snow,No rain,No snow,29-Jan,12:00,1/29/2025
Pueblo,1/29/2025 15:00,-0.2,-0.2,-0.2,51,1025,1.97,10000,1,Clear sky,No rain,No snow,No rain,No snow,29-Jan,15:00,1/29/2025
Pueblo,1/29/2025 18:00,4,4,4,36,1024,0.44,10000,22,Few clouds,No rain,No snow,No rain,No snow,29-Jan,18:00,1/29/2025
Pueblo,1/29/2025 21:00,5.68,5.68,5.68,32,1020,0.98,10000,19,Few clouds,No rain,No snow,No rain,No snow,29-Jan,21:00,1/29/2025
Pueblo,1/30/2025 0:00,2.44,2.44,2.44,44,1020,2.08,10000,22,Few clouds,No rain,No snow,No rain,No snow,30-Jan,0:00,1/30/2025
Pueblo,1/30/2025 3:00,0.46,0.46,0.46,72,1024,2.31,10000,79,Light snow,No rain,0.51,No rain,Snow,30-Jan,3:00,1/30/2025
Pueblo,1/30/2025 6:00,0.41,0.41,0.41,80,1023,0.43,10000,90,Overcast clouds,No rain,No snow,No rain,No snow,30-Jan,6:00,1/30/2025
Pueblo,1/30/2025 9:00,-1.1,-1.1,-1.1,88,1021,0.16,10000,63,Broken clouds,No rain,No snow,No rain,No snow,30-Jan,9:00,1/30/2025
Pueblo,1/30/2025 12:00,-1.26,-1.26,-1.26,88,1019,2.56,10000,37,Scattered clouds,No rain,No snow,No rain,No snow,30-Jan,12:00,1/30/2025
Pueblo,1/30/2025 15:00,-0.3,-0.3,-0.3,82,1018,2.08,10000,75,Broken clouds,No rain,No snow,No rain,No snow,30-Jan,15:00,1/30/2025
Pueblo,1/30/2025 18:00,0.73,0.73,0.73,85,1017,0.98,5855,88,Light snow,No rain,0.22,No rain,Snow,30-Jan,18:00,1/30/2025
Pueblo,1/30/2025 21:00,0.51,0.51,0.51,98,1013,2.68,286,100,Snow,No rain,3.39,No rain,Snow,30-Jan,21:00,1/30/2025
Pueblo,1/31/2025 0:00,0.54,0.54,0.54,100,1012,2.77,36,100,Snow,No rain,5.01,No rain,Snow,31-Jan,0:00,1/31/2025
Pueblo,1/31/2025 3:00,1.03,1.03,1.03,98,1012,6.64,81,100,Snow,No rain,5.92,No rain,Snow,31-Jan,3:00,1/31/2025
Pueblo,1/31/2025 6:00,1.14,1.14,1.14,99,1012,4.07,92,100,Snow,No rain,4.27,No rain,Snow,31-Jan,6:00,1/31/2025
Pueblo,1/31/2025 9:00,1.66,1.66,1.66,93,1010,4.5,2246,100,Snow,No rain,3.28,No rain,Snow,31-Jan,9:00,1/31/2025
Pueblo,1/31/2025 12:00,0.96,0.96,0.96,94,1010,0.58,6610,100,Light snow,No rain,1.21,No rain,Snow,31-Jan,12:00,1/31/2025
Pueblo,1/31/2025 15:00,2.23,2.23,2.23,77,1012,2.59,10000,100,Light snow,No rain,1.29,No rain,Snow,31-Jan,15:00,1/31/2025
Pueblo,1/31/2025 18:00,2.93,2.93,2.93,81,1015,5.86,10000,100,Overcast clouds,No rain,No snow,No rain,No snow,31-Jan,18:00,1/31/2025
Pueblo,1/31/2025 21:00,2.35,2.35,2.35,93,1013,3.37,9642.253782,93,Overcast clouds,No rain,No snow,No rain,No snow,31-Jan,21:00,1/31/2025
Greeley,1/27/2025 0:00,-3.79,-5.05,-3.79,73,1029,2.17,10000,87,Overcast clouds,No rain,No snow,No rain,No snow,27-Jan,0:00,1/27/2025
Greeley,1/27/2025 3:00,-6.55,-8.24,-6.55,84,1031,2.07,10000,41,Scattered clouds,No rain,No snow,No rain,No snow,27-Jan,3:00,1/27/2025
Greeley,1/27/2025 6:00,-9.69,-9.69,-9.69,93,1034,1.81,10000,16,Few clouds,No rain,No snow,No rain,No snow,27-Jan,6:00,1/27/2025
Greeley,1/27/2025 9:00,-10.52,-10.52,-10.52,92,1033,2.18,10000,5,Clear sky,No rain,No snow,No rain,No snow,27-Jan,9:00,1/27/2025
Greeley,1/27/2025 12:00,-11.21,-11.21,-11.21,89,1032,2.24,10000,6,Clear sky,No rain,No snow,No rain,No snow,27-Jan,12:00,1/27/2025
Greeley,1/27/2025 15:00,-9.86,-9.86,-9.86,80,1030,2.27,10000,5,Clear sky,No rain,No snow,No rain,No snow,27-Jan,15:00,1/27/2025
Greeley,1/27/2025 18:00,-0.47,-0.47,-0.47,56,1023,1.9,10000,3,Clear sky,No rain,No snow,No rain,No snow,27-Jan,18:00,1/27/2025
Greeley,1/27/2025 21:00,3.71,3.71,3.71,51,1018,1.39,10000,1,Clear sky,No rain,No snow,No rain,No snow,27-Jan,21:00,1/27/2025
Greeley,1/28/2025 0:00,-0.8,-0.8,-0.8,72,1019,1.44,10000,1,Clear sky,No rain,No snow,No rain,No snow,28-Jan,0:00,1/28/2025
Greeley,1/28/2025 3:00,-4.34,-4.34,-4.34,87,1024,2.12,10000,2,Clear sky,No rain,No snow,No rain,No snow,28-Jan,3:00,1/28/2025
Greeley,1/28/2025 6:00,-6.08,-6.08,-6.08,91,1025,1.6,10000,2,Clear sky,No rain,No snow,No rain,No snow,28-Jan,6:00,1/28/2025
Greeley,1/28/2025 9:00,-6.77,-6.77,-6.77,86,1025,1.73,10000,7,Clear sky,No rain,No snow,No rain,No snow,28-Jan,9:00,1/28/2025
Greeley,1/28/2025 12:00,-7.32,-7.32,-7.32,83,1025,2.4,10000,6,Clear sky,No rain,No snow,No rain,No snow,28-Jan,12:00,1/28/2025
Greeley,1/28/2025 15:00,-6.68,-6.68,-6.68,76,1025,2.11,10000,3,Clear sky,No rain,No snow,No rain,No snow,28-Jan,15:00,1/28/2025
Greeley,1/28/2025 18:00,2.3,2.3,2.3,45,1019,2.09,10000,2,Clear sky,No rain,No snow,No rain,No snow,28-Jan,18:00,1/28/2025
Greeley,1/28/2025 21:00,6.18,6.18,6.18,36,1015,1.26,10000,0,Clear sky,No rain,No snow,No rain,No snow,28-Jan,21:00,1/28/2025
Greeley,1/29/2025 0:00,2.53,2.53,2.53,48,1016,1.5,10000,0,Clear sky,No rain,No snow,No rain,No snow,29-Jan,0:00,1/29/2025
Greeley,1/29/2025 3:00,0.47,0.47,0.47,59,1020,2.53,10000,0,Clear sky,No rain,No snow,No rain,No snow,29-Jan,3:00,1/29/2025
Greeley,1/29/2025 6:00,-0.72,-0.72,-0.72,64,1022,2.02,10000,0,Clear sky,No rain,No snow,No rain,No snow,29-Jan,6:00,1/29/2025
Greeley,1/29/2025 9:00,-1.51,-1.51,-1.51,58,1024,1.94,10000,0,Clear sky,No rain,No snow,No rain,No snow,29-Jan,9:00,1/29/2025
Greeley,1/29/2025 12:00,-2.43,-2.43,-2.43,57,1025,2.34,10000,0,Clear sky,No rain,No snow,No rain,No snow,29-Jan,12:00,1/29/2025
Greeley,1/29/2025 15:00,-2.43,-2.43,-2.43,59,1026,1.7,10000,1,Clear sky,No rain,No snow,No rain,No snow,29-Jan,15:00,1/29/2025
Greeley,1/29/2025 18:00,3.5,3.5,3.5,44,1023,2.21,10000,0,Clear sky,No rain,No snow,No rain,No snow,29-Jan,18:00,1/29/2025
Greeley,1/29/2025 21:00,6.46,6.46,6.46,38,1018,2.82,10000,0,Clear sky,No rain,No snow,No rain,No snow,29-Jan,21:00,1/29/2025
Greeley,1/30/2025 0:00,2.63,2.63,2.63,48,1019,2.5,10000,0,Clear sky,No rain,No snow,No rain,No snow,30-Jan,0:00,1/30/2025
Greeley,1/30/2025 3:00,0.22,0.22,0.22,59,1021,2.5,10000,0,Clear sky,No rain,No snow,No rain,No snow,30-Jan,3:00,1/30/2025
Greeley,1/30/2025 6:00,-0.07,-0.07,-0.07,60,1020,0.99,10000,0,Clear sky,No rain,No snow,No rain,No snow,30-Jan,6:00,1/30/2025
Greeley,1/30/2025 9:00,-0.53,-0.53,-0.53,59,1018,1.65,10000,19,Few clouds,No rain,No snow,No rain,No snow,30-Jan,9:00,1/30/2025
Greeley,1/30/2025 12:00,-1.07,-1.07,-1.07,61,1017,2.08,10000,10,Clear sky,No rain,No snow,No rain,No snow,30-Jan,12:00,1/30/2025
Greeley,1/30/2025 15:00,-0.23,-0.23,-0.23,59,1016,1.12,10000,12,Few clouds,No rain,No snow,No rain,No snow,30-Jan,15:00,1/30/2025
Greeley,1/30/2025 18:00,5.08,5.08,5.08,41,1013,2.75,10000,21,Few clouds,No rain,No snow,No rain,No snow,30-Jan,18:00,1/30/2025
Greeley,1/30/2025 21:00,8.31,8.31,8.31,33,1010,2.09,10000,41,Scattered clouds,No rain,No snow,No rain,No snow,30-Jan,21:00,1/30/2025
Greeley,1/31/2025 0:00,3.42,3.42,3.42,55,1012,2.48,10000,36,Scattered clouds,No rain,No snow,No rain,No snow,31-Jan,0:00,1/31/2025
Greeley,1/31/2025 3:00,1.6,1.6,1.6,66,1014,2.56,10000,100,Overcast clouds,No rain,No snow,No rain,No snow,31-Jan,3:00,1/31/2025
Greeley,1/31/2025 6:00,0.82,0.82,0.82,61,1015,2.42,10000,100,Overcast clouds,No rain,No snow,No rain,No snow,31-Jan,6:00,1/31/2025
Greeley,1/31/2025 9:00,1,1,1,64,1014,1.82,10000,99,Light rain,0.11,No snow,Rain,No snow,31-Jan,9:00,1/31/2025
Greeley,1/31/2025 12:00,0.98,0.98,0.98,43,1013,4.63,10000,89,Overcast clouds,No rain,No snow,No rain,No snow,31-Jan,12:00,1/31/2025
Greeley,1/31/2025 15:00,1.93,1.93,1.93,37,1014,4.71,10000,39,Scattered clouds,No rain,No snow,No rain,No snow,31-Jan,15:00,1/31/2025
Greeley,1/31/2025 18:00,8.44,8.44,8.44,22,1013,4.92,10000,19,Few clouds,No rain,No snow,No rain,No snow,31-Jan,18:00,1/31/2025
Greeley,1/31/2025 21:00,12.26,12.26,12.26,15,1008,4.48,10000,15,Few clouds,No rain,No snow,No rain,No snow,31-Jan,21:00,1/31/2025
Lakewood,1/27/2025 0:00,-4.14,-5.81,-4.14,75,1029,0.98,10000,90,Overcast clouds,No rain,No snow,No rain,No snow,27-Jan,0:00,1/27/2025
Lakewood,1/27/2025 3:00,-6.11,-7.51,-6.11,84,1031,1.64,10000,39,Scattered clouds,No rain,No snow,No rain,No snow,27-Jan,3:00,1/27/2025
Lakewood,1/27/2025 6:00,-7.36,-7.36,-7.36,88,1031,1.99,10000,7,Clear sky,No rain,No snow,No rain,No snow,27-Jan,6:00,1/27/2025
Lakewood,1/27/2025 9:00,-7.79,-7.79,-7.79,87,1030,1.98,10000,3,Clear sky,No rain,No snow,No rain,No snow,27-Jan,9:00,1/27/2025
Lakewood,1/27/2025 12:00,-6.8,-6.8,-6.8,82,1027,2.86,10000,3,Clear sky,No rain,No snow,No rain,No snow,27-Jan,12:00,1/27/2025
Lakewood,1/27/2025 15:00,-6.2,-6.2,-6.2,82,1027,2.37,10000,3,Clear sky,No rain,No snow,No rain,No snow,27-Jan,15:00,1/27/2025
Lakewood,1/27/2025 18:00,2.34,2.34,2.34,87,1019,1.28,10000,2,Clear sky,No rain,No snow,No rain,No snow,27-Jan,18:00,1/27/2025
Lakewood,1/27/2025 21:00,3.5,3.5,3.5,94,1016,0.62,10000,15,Few clouds,No rain,No snow,No rain,No snow,27-Jan,21:00,1/27/2025
Lakewood,1/28/2025 0:00,-0.23,-0.23,-0.23,95,1019,1.46,6156,11,Few clouds,No rain,No snow,No rain,No snow,28-Jan,0:00,1/28/2025
Lakewood,1/28/2025 3:00,-2.2,-2.2,-2.2,87,1023,2.05,10000,1,Clear sky,No rain,No snow,No rain,No snow,28-Jan,3:00,1/28/2025
Lakewood,1/28/2025 6:00,-2.79,-2.79,-2.79,80,1023,2.27,10000,2,Clear sky,No rain,No snow,No rain,No snow,28-Jan,6:00,1/28/2025
Lakewood,1/28/2025 9:00,-3.67,-3.67,-3.67,81,1022,2.43,10000,3,Clear sky,No rain,No snow,No rain,No snow,28-Jan,9:00,1/28/2025
Lakewood,1/28/2025 12:00,-4.43,-4.43,-4.43,79,1023,2.25,10000,3,Clear sky,No rain,No snow,No rain,No snow,28-Jan,12:00,1/28/2025
Lakewood,1/28/2025 15:00,-4.06,-4.06,-4.06,75,1023,2.18,10000,3,Clear sky,No rain,No snow,No rain,No snow,28-Jan,15:00,1/28/2025
Lakewood,1/28/2025 18:00,2.54,2.54,2.54,62,1018,0.98,10000,2,Clear sky,No rain,No snow,No rain,No snow,28-Jan,18:00,1/28/2025
Lakewood,1/28/2025 21:00,4.4,4.4,4.4,53,1014,0.16,10000,0,Clear sky,No rain,No snow,No rain,No snow,28-Jan,21:00,1/28/2025
Lakewood,1/29/2025 0:00,1.36,1.36,1.36,61,1017,1.36,10000,0,Clear sky,No rain,No snow,No rain,No snow,29-Jan,0:00,1/29/2025
Lakewood,1/29/2025 3:00,0.14,0.14,0.14,61,1020,1.84,10000,0,Clear sky,No rain,No snow,No rain,No snow,29-Jan,3:00,1/29/2025
Lakewood,1/29/2025 6:00,-0.58,-0.58,-0.58,59,1021,2.26,10000,0,Clear sky,No rain,No snow,No rain,No snow,29-Jan,6:00,1/29/2025
Lakewood,1/29/2025 9:00,-1.44,-1.44,-1.44,61,1023,1.69,10000,0,Clear sky,No rain,No snow,No rain,No snow,29-Jan,9:00,1/29/2025
Lakewood,1/29/2025 12:00,-1.74,-1.74,-1.74,61,1024,1.21,10000,0,Clear sky,No rain,No snow,No rain,No snow,29-Jan,12:00,1/29/2025
Lakewood,1/29/2025 15:00,-2.02,-2.02,-2.02,63,1026,1.88,10000,0,Clear sky,No rain,No snow,No rain,No snow,29-Jan,15:00,1/29/2025
Lakewood,1/29/2025 18:00,3.33,3.33,3.33,47,1022,2.41,10000,0,Clear sky,No rain,No snow,No rain,No snow,29-Jan,18:00,1/29/2025
Lakewood,1/29/2025 21:00,5.53,5.53,5.53,43,1017,2,10000,0,Clear sky,No rain,No snow,No rain,No snow,29-Jan,21:00,1/29/2025
Lakewood,1/30/2025 0:00,3.05,3.05,3.05,53,1017,1.85,10000,0,Clear sky,No rain,No snow,No rain,No snow,30-Jan,0:00,1/30/2025
Lakewood,1/30/2025 3:00,1.39,1.39,1.39,63,1019,1.69,10000,4,Clear sky,No rain,No snow,No rain,No snow,30-Jan,3:00,1/30/2025
Lakewood,1/30/2025 6:00,1.23,1.23,1.23,67,1018,1.21,10000,51,Broken clouds,No rain,No snow,No rain,No snow,30-Jan,6:00,1/30/2025
Lakewood,1/30/2025 9:00,1.04,1.04,1.04,63,1016,0.99,10000,64,Broken clouds,No rain,No snow,No rain,No snow,30-Jan,9:00,1/30/2025
Lakewood,1/30/2025 12:00,0.46,0.46,0.46,60,1015,1.63,10000,48,Scattered clouds,No rain,No snow,No rain,No snow,30-Jan,12:00,1/30/2025
Lakewood,1/30/2025 15:00,0.24,0.24,0.24,59,1016,2.14,10000,13,Few clouds,No rain,No snow,No rain,No snow,30-Jan,15:00,1/30/2025
Lakewood,1/30/2025 18:00,3.99,3.99,3.99,47,1013,0.63,10000,26,Scattered clouds,No rain,No snow,No rain,No snow,30-Jan,18:00,1/30/2025
Lakewood,1/30/2025 21:00,5.89,5.89,5.89,41,1009,3.14,10000,100,Overcast clouds,No rain,No snow,No rain,No snow,30-Jan,21:00,1/30/2025
Lakewood,1/31/2025 0:00,3.42,3.42,3.42,53,1011,1.42,10000,100,Overcast clouds,No rain,No snow,No rain,No snow,31-Jan,0:00,1/31/2025
Lakewood,1/31/2025 3:00,1.05,1.05,1.05,78,1014,0.23,345,99,Light snow,No rain,1.46,No rain,Snow,31-Jan,3:00,1/31/2025
Lakewood,1/31/2025 6:00,0.88,0.88,0.88,86,1014,0.81,2019,100,Snow,No rain,2.87,No rain,Snow,31-Jan,6:00,1/31/2025
Lakewood,1/31/2025 9:00,0.3,0.3,0.3,93,1014,0.99,2068,100,Snow,No rain,1.64,No rain,Snow,31-Jan,9:00,1/31/2025
Lakewood,1/31/2025 12:00,-0.03,-0.03,-0.03,90,1012,1.56,10000,98,Light snow,No rain,0.18,No rain,Snow,31-Jan,12:00,1/31/2025
Lakewood,1/31/2025 15:00,0.16,0.16,0.16,79,1014,1.37,10000,88,Overcast clouds,No rain,No snow,No rain,No snow,31-Jan,15:00,1/31/2025
Lakewood,1/31/2025 18:00,2.98,2.98,2.98,71,1016,1.79,10000,47,Scattered clouds,No rain,No snow,No rain,No snow,31-Jan,18:00,1/31/2025
Lakewood,1/31/2025 21:00,5.27,5.27,5.27,57,1011,1.22,10000,3,Clear sky,No rain,No snow,No rain,No snow,31-Jan,21:00,1/31/2025
Thornton,1/27/2025 0:00,-4.58,-6.13,-4.58,76,1029,0.92,10000,49,Scattered clouds,No rain,No snow,No rain,No snow,27-Jan,0:00,1/27/2025
Thornton,1/27/2025 3:00,-6.68,-8.12,-6.68,88,1032,1.21,10000,19,Few clouds,No rain,No snow,No rain,No snow,27-Jan,3:00,1/27/2025
Thornton,1/27/2025 6:00,-8.66,-8.66,-8.66,94,1032,1.52,10000,7,Clear sky,No rain,No snow,No rain,No snow,27-Jan,6:00,1/27/2025
Thornton,1/27/2025 9:00,-9.49,-9.49,-9.49,94,1032,1.87,10000,6,Clear sky,No rain,No snow,No rain,No snow,27-Jan,9:00,1/27/2025
Thornton,1/27/2025 12:00,-8.71,-8.71,-8.71,89,1028,1.66,10000,6,Clear sky,No rain,No snow,No rain,No snow,27-Jan,12:00,1/27/2025
Thornton,1/27/2025 15:00,-7.92,-7.92,-7.92,87,1028,1.87,10000,5,Clear sky,No rain,No snow,No rain,No snow,27-Jan,15:00,1/27/2025
Thornton,1/27/2025 18:00,1.11,1.11,1.11,72,1021,1.44,10000,4,Clear sky,No rain,No snow,No rain,No snow,27-Jan,18:00,1/27/2025
Thornton,1/27/2025 21:00,3.21,3.21,3.21,81,1017,1.08,10000,0,Clear sky,No rain,No snow,No rain,No snow,27-Jan,21:00,1/27/2025
Thornton,1/28/2025 0:00,-1.39,-1.39,-1.39,94,1020,0.83,6366,0,Clear sky,No rain,No snow,No rain,No snow,28-Jan,0:00,1/28/2025
Thornton,1/28/2025 3:00,-3,-3,-3,92,1023,1.7,10000,4,Clear sky,No rain,No snow,No rain,No snow,28-Jan,3:00,1/28/2025
Thornton,1/28/2025 6:00,-3.59,-3.59,-3.59,84,1023,1.98,10000,4,Clear sky,No rain,No snow,No rain,No snow,28-Jan,6:00,1/28/2025
Thornton,1/28/2025 9:00,-4.41,-4.41,-4.41,85,1023,1.98,10000,5,Clear sky,No rain,No snow,No rain,No snow,28-Jan,9:00,1/28/2025
Thornton,1/28/2025 12:00,-5.53,-5.53,-5.53,84,1023,1.46,10000,5,Clear sky,No rain,No snow,No rain,No snow,28-Jan,12:00,1/28/2025
Thornton,1/28/2025 15:00,-4.67,-4.67,-4.67,78,1023,2.09,10000,3,Clear sky,No rain,No snow,No rain,No snow,28-Jan,15:00,1/28/2025
Thornton,1/28/2025 18:00,1.69,1.69,1.69,56,1019,1.21,10000,1,Clear sky,No rain,No snow,No rain,No snow,28-Jan,18:00,1/28/2025
Thornton,1/28/2025 21:00,4.06,4.06,4.06,52,1015,0.16,10000,0,Clear sky,No rain,No snow,No rain,No snow,28-Jan,21:00,1/28/2025
Thornton,1/29/2025 0:00,0.46,0.46,0.46,66,1017,1.08,10000,0,Clear sky,No rain,No snow,No rain,No snow,29-Jan,0:00,1/29/2025
Thornton,1/29/2025 3:00,-0.59,-0.59,-0.59,68,1021,1.56,10000,0,Clear sky,No rain,No snow,No rain,No snow,29-Jan,3:00,1/29/2025
Thornton,1/29/2025 6:00,-1.09,-1.09,-1.09,62,1021,2.42,10000,1,Clear sky,No rain,No snow,No rain,No snow,29-Jan,6:00,1/29/2025
Thornton,1/29/2025 9:00,-2.25,-2.25,-2.25,63,1024,1.54,10000,0,Clear sky,No rain,No snow,No rain,No snow,29-Jan,9:00,1/29/2025
Thornton,1/29/2025 12:00,-3.25,-3.25,-3.25,68,1025,0.44,10000,0,Clear sky,No rain,No snow,No rain,No snow,29-Jan,12:00,1/29/2025
Thornton,1/29/2025 15:00,-2.27,-2.27,-2.27,62,1026,2.33,10000,2,Clear sky,No rain,No snow,No rain,No snow,29-Jan,15:00,1/29/2025
Thornton,1/29/2025 18:00,2.62,2.62,2.62,49,1022,2.94,10000,1,Clear sky,No rain,No snow,No rain,No snow,29-Jan,18:00,1/29/2025
Thornton,1/29/2025 21:00,5.38,5.38,5.38,39,1017,2.05,10000,0,Clear sky,No rain,No snow,No rain,No snow,29-Jan,21:00,1/29/2025
Thornton,1/30/2025 0:00,2.64,2.64,2.64,49,1018,1.16,10000,0,Clear sky,No rain,No snow,No rain,No snow,30-Jan,0:00,1/30/2025
Thornton,1/30/2025 3:00,0.9,0.9,0.9,58,1020,1.85,10000,0,Clear sky,No rain,No snow,No rain,No snow,30-Jan,3:00,1/30/2025
Thornton,1/30/2025 6:00,0.43,0.43,0.43,67,1018,1.76,10000,34,Scattered clouds,No rain,No snow,No rain,No snow,30-Jan,6:00,1/30/2025
Thornton,1/30/2025 9:00,0.11,0.11,0.11,67,1017,0.93,10000,80,Broken clouds,No rain,No snow,No rain,No snow,30-Jan,9:00,1/30/2025
Thornton,1/30/2025 12:00,-0.86,-0.86,-0.86,67,1016,1.16,10000,54,Broken clouds,No rain,No snow,No rain,No snow,30-Jan,12:00,1/30/2025
Thornton,1/30/2025 15:00,-0.49,-0.49,-0.49,63,1017,2.81,10000,10,Clear sky,No rain,No snow,No rain,No snow,30-Jan,15:00,1/30/2025
Thornton,1/30/2025 18:00,3.44,3.44,3.44,47,1014,1.35,10000,21,Few clouds,No rain,No snow,No rain,No snow,30-Jan,18:00,1/30/2025
Thornton,1/30/2025 21:00,5.28,5.28,5.28,43,1010,2.99,10000,86,Overcast clouds,No rain,No snow,No rain,No snow,30-Jan,21:00,1/30/2025
Thornton,1/31/2025 0:00,2.83,2.83,2.83,52,1011,1.37,10000,79,Broken clouds,No rain,No snow,No rain,No snow,31-Jan,0:00,1/31/2025
Thornton,1/31/2025 3:00,0.5,0.5,0.5,73,1014,0.53,10000,99,Light snow,No rain,0.98,No rain,Snow,31-Jan,3:00,1/31/2025
Thornton,1/31/2025 6:00,0.23,0.23,0.23,85,1015,1.37,10000,99,Snow,No rain,1.59,No rain,Snow,31-Jan,6:00,1/31/2025
Thornton,1/31/2025 9:00,0.03,0.03,0.03,84,1014,1.38,2042,100,Light snow,No rain,1.5,No rain,Snow,31-Jan,9:00,1/31/2025
Thornton,1/31/2025 12:00,-0.32,-0.32,-0.32,79,1013,1.39,10000,97,Light snow,No rain,0.23,No rain,Snow,31-Jan,12:00,1/31/2025
Thornton,1/31/2025 15:00,0.28,0.28,0.28,74,1014,0.27,10000,96,Overcast clouds,No rain,No snow,No rain,No snow,31-Jan,15:00,1/31/2025
Thornton,1/31/2025 18:00,2.51,2.51,2.51,57,1017,1.82,10000,51,Broken clouds,No rain,No snow,No rain,No snow,31-Jan,18:00,1/31/2025
Thornton,1/31/2025 21:00,4.71,4.71,4.71,49,1011,1.38,10000,4,Clear sky,No rain,No snow,No rain,No snow,31-Jan,21:00,1/31/2025
Arvada,1/27/2025 0:00,-3.93,-5.92,-3.93,76,1030,1.18,10000,94,Overcast clouds,No rain,No snow,No rain,No snow,27-Jan,0:00,1/27/2025
Arvada,1/27/2025 3:00,-5.82,-7.27,-5.82,85,1031,1.71,10000,41,Scattered clouds,No rain,No snow,No rain,No snow,27-Jan,3:00,1/27/2025
Arvada,1/27/2025 6:00,-7.18,-7.18,-7.18,88,1030,1.98,10000,8,Clear sky,No rain,No snow,No rain,No snow,27-Jan,6:00,1/27/2025
Arvada,1/27/2025 9:00,-7.38,-7.38,-7.38,87,1030,2.26,10000,3,Clear sky,No rain,No snow,No rain,No snow,27-Jan,9:00,1/27/2025
Arvada,1/27/2025 12:00,-6.48,-6.48,-6.48,84,1027,2.8,10000,3,Clear sky,No rain,No snow,No rain,No snow,27-Jan,12:00,1/27/2025
Arvada,1/27/2025 15:00,-5.91,-5.91,-5.91,83,1027,2.5,10000,3,Clear sky,No rain,No snow,No rain,No snow,27-Jan,15:00,1/27/2025
Arvada,1/27/2025 18:00,2.35,2.35,2.35,92,1019,0.62,10000,2,Clear sky,No rain,No snow,No rain,No snow,27-Jan,18:00,1/27/2025
Arvada,1/27/2025 21:00,2.98,2.98,2.98,97,1017,0.87,10000,25,Scattered clouds,No rain,No snow,No rain,No snow,27-Jan,21:00,1/27/2025
Arvada,1/28/2025 0:00,-0.05,-0.05,-0.05,93,1019,1.59,808,17,Few clouds,No rain,No snow,No rain,No snow,28-Jan,0:00,1/28/2025
Arvada,1/28/2025 3:00,-1.83,-1.83,-1.83,85,1022,2.39,10000,1,Clear sky,No rain,No snow,No rain,No snow,28-Jan,3:00,1/28/2025
Arvada,1/28/2025 6:00,-2.45,-2.45,-2.45,80,1023,2.37,10000,2,Clear sky,No rain,No snow,No rain,No snow,28-Jan,6:00,1/28/2025
Arvada,1/28/2025 9:00,-3.32,-3.32,-3.32,80,1022,2.62,10000,3,Clear sky,No rain,No snow,No rain,No snow,28-Jan,9:00,1/28/2025
Arvada,1/28/2025 12:00,-4.1,-4.1,-4.1,78,1022,2.31,10000,3,Clear sky,No rain,No snow,No rain,No snow,28-Jan,12:00,1/28/2025
Arvada,1/28/2025 15:00,-3.68,-3.68,-3.68,75,1022,2.33,10000,3,Clear sky,No rain,No snow,No rain,No snow,28-Jan,15:00,1/28/2025
Arvada,1/28/2025 18:00,2.73,2.73,2.73,66,1018,0.53,10000,1,Clear sky,No rain,No snow,No rain,No snow,28-Jan,18:00,1/28/2025
Arvada,1/28/2025 21:00,4.34,4.34,4.34,58,1015,0.39,10000,0,Clear sky,No rain,No snow,No rain,No snow,28-Jan,21:00,1/28/2025
Arvada,1/29/2025 0:00,1.5,1.5,1.5,66,1017,1.5,10000,0,Clear sky,No rain,No snow,No rain,No snow,29-Jan,0:00,1/29/2025
Arvada,1/29/2025 3:00,0.34,0.34,0.34,63,1020,2.07,10000,0,Clear sky,No rain,No snow,No rain,No snow,29-Jan,3:00,1/29/2025
Arvada,1/29/2025 6:00,-0.29,-0.29,-0.29,60,1021,2.47,10000,0,Clear sky,No rain,No snow,No rain,No snow,29-Jan,6:00,1/29/2025
Arvada,1/29/2025 9:00,-1.11,-1.11,-1.11,60,1023,1.95,10000,0,Clear sky,No rain,No snow,No rain,No snow,29-Jan,9:00,1/29/2025
Arvada,1/29/2025 12:00,-1.72,-1.72,-1.72,63,1024,1.27,10000,0,Clear sky,No rain,No snow,No rain,No snow,29-Jan,12:00,1/29/2025
Arvada,1/29/2025 15:00,-1.61,-1.61,-1.61,62,1025,2.13,10000,1,Clear sky,No rain,No snow,No rain,No snow,29-Jan,15:00,1/29/2025
Arvada,1/29/2025 18:00,3.41,3.41,3.41,50,1022,2.28,10000,0,Clear sky,No rain,No snow,No rain,No snow,29-Jan,18:00,1/29/2025
Arvada,1/29/2025 21:00,5.03,5.03,5.03,45,1017,1.47,10000,0,Clear sky,No rain,No snow,No rain,No snow,29-Jan,21:00,1/29/2025
Arvada,1/30/2025 0:00,3.15,3.15,3.15,53,1018,1.81,10000,0,Clear sky,No rain,No snow,No rain,No snow,30-Jan,0:00,1/30/2025
Arvada,1/30/2025 3:00,1.86,1.86,1.86,61,1019,2.24,10000,0,Clear sky,No rain,No snow,No rain,No snow,30-Jan,3:00,1/30/2025
Arvada,1/30/2025 6:00,1.5,1.5,1.5,66,1018,1.13,10000,38,Scattered clouds,No rain,No snow,No rain,No snow,30-Jan,6:00,1/30/2025
Arvada,1/30/2025 9:00,1.11,1.11,1.11,62,1016,1.09,10000,68,Broken clouds,No rain,No snow,No rain,No snow,30-Jan,9:00,1/30/2025
Arvada,1/30/2025 12:00,0.53,0.53,0.53,60,1015,1.5,10000,41,Scattered clouds,No rain,No snow,No rain,No snow,30-Jan,12:00,1/30/2025
Arvada,1/30/2025 15:00,0.64,0.64,0.64,60,1016,2.11,10000,11,Few clouds,No rain,No snow,No rain,No snow,30-Jan,15:00,1/30/2025
Arvada,1/30/2025 18:00,3.66,3.66,3.66,50,1014,0.77,10000,23,Few clouds,No rain,No snow,No rain,No snow,30-Jan,18:00,1/30/2025
Arvada,1/30/2025 21:00,5.89,5.89,5.89,44,1010,2.64,10000,95,Overcast clouds,No rain,No snow,No rain,No snow,30-Jan,21:00,1/30/2025
Arvada,1/31/2025 0:00,3.35,3.35,3.35,54,1011,1.49,10000,92,Overcast clouds,No rain,No snow,No rain,No snow,31-Jan,0:00,1/31/2025
Arvada,1/31/2025 3:00,1.84,1.84,1.84,69,1014,0.33,6842,100,Light snow,No rain,0.72,No rain,Snow,31-Jan,3:00,1/31/2025
Arvada,1/31/2025 6:00,1.51,1.51,1.51,79,1013,1.08,8232,100,Light snow,No rain,1.21,No rain,Snow,31-Jan,6:00,1/31/2025
Arvada,1/31/2025 9:00,1,1,1,86,1014,0.65,4370,100,Light snow,No rain,1.05,No rain,Snow,31-Jan,9:00,1/31/2025
Arvada,1/31/2025 12:00,0.79,0.79,0.79,79,1012,1.82,10000,98,Light snow,No rain,0.12,No rain,Snow,31-Jan,12:00,1/31/2025
Arvada,1/31/2025 15:00,1.25,1.25,1.25,72,1014,1.67,10000,74,Broken clouds,No rain,No snow,No rain,No snow,31-Jan,15:00,1/31/2025
Arvada,1/31/2025 18:00,3.87,3.87,3.87,57,1015,2.03,10000,39,Scattered clouds,No rain,No snow,No rain,No snow,31-Jan,18:00,1/31/2025
Arvada,1/31/2025 21:00,6.41,6.41,6.41,44,1010,0.72,10000,2,Clear sky,No rain,No snow,No rain,No snow,31-Jan,21:00,1/31/2025
Westminster,1/27/2025 0:00,-4.35,-5.74,-4.35,76,1030,1.01,10000,25,Scattered clouds,No rain,No snow,No rain,No snow,27-Jan,0:00,1/27/2025
Westminster,1/27/2025 3:00,-6.18,-7.45,-6.18,86,1031,1.27,10000,6,Clear sky,No rain,No snow,No rain,No snow,27-Jan,3:00,1/27/2025
Westminster,1/27/2025 6:00,-7.78,-7.78,-7.78,91,1031,1.5,10000,7,Clear sky,No rain,No snow,No rain,No snow,27-Jan,6:00,1/27/2025
Westminster,1/27/2025 9:00,-8.27,-8.27,-8.27,91,1031,1.88,10000,4,Clear sky,No rain,No snow,No rain,No snow,27-Jan,9:00,1/27/2025
Westminster,1/27/2025 12:00,-7.49,-7.49,-7.49,87,1027,2.06,10000,4,Clear sky,No rain,No snow,No rain,No snow,27-Jan,12:00,1/27/2025
Westminster,1/27/2025 15:00,-6.82,-6.82,-6.82,86,1028,1.88,10000,5,Clear sky,No rain,No snow,No rain,No snow,27-Jan,15:00,1/27/2025
Westminster,1/27/2025 18:00,1.7,1.7,1.7,82,1020,1.01,10000,3,Clear sky,No rain,No snow,No rain,No snow,27-Jan,18:00,1/27/2025
Westminster,1/27/2025 21:00,3.21,3.21,3.21,89,1017,0.96,10000,9,Clear sky,No rain,No snow,No rain,No snow,27-Jan,21:00,1/27/2025
Westminster,1/28/2025 0:00,-0.55,-0.55,-0.55,95,1019,1.1,1684,6,Clear sky,No rain,No snow,No rain,No snow,28-Jan,0:00,1/28/2025
Westminster,1/28/2025 3:00,-2.15,-2.15,-2.15,90,1023,1.88,10000,3,Clear sky,No rain,No snow,No rain,No snow,28-Jan,3:00,1/28/2025
Westminster,1/28/2025 6:00,-2.82,-2.82,-2.82,82,1023,1.94,10000,3,Clear sky,No rain,No snow,No rain,No snow,28-Jan,6:00,1/28/2025
Westminster,1/28/2025 9:00,-3.67,-3.67,-3.67,83,1022,2.11,10000,4,Clear sky,No rain,No snow,No rain,No snow,28-Jan,9:00,1/28/2025
Westminster,1/28/2025 12:00,-4.61,-4.61,-4.61,82,1023,1.73,10000,4,Clear sky,No rain,No snow,No rain,No snow,28-Jan,12:00,1/28/2025
Westminster,1/28/2025 15:00,-4.08,-4.08,-4.08,77,1022,1.93,10000,3,Clear sky,No rain,No snow,No rain,No snow,28-Jan,15:00,1/28/2025
Westminster,1/28/2025 18:00,2.16,2.16,2.16,60,1019,0.93,10000,2,Clear sky,No rain,No snow,No rain,No snow,28-Jan,18:00,1/28/2025
Westminster,1/28/2025 21:00,4.24,4.24,4.24,54,1015,0.25,10000,0,Clear sky,No rain,No snow,No rain,No snow,28-Jan,21:00,1/28/2025
Westminster,1/29/2025 0:00,1.25,1.25,1.25,63,1017,1.21,10000,0,Clear sky,No rain,No snow,No rain,No snow,29-Jan,0:00,1/29/2025
Westminster,1/29/2025 3:00,0.2,0.2,0.2,63,1020,1.66,10000,0,Clear sky,No rain,No snow,No rain,No snow,29-Jan,3:00,1/29/2025
Westminster,1/29/2025 6:00,-0.37,-0.37,-0.37,60,1021,2.25,10000,0,Clear sky,No rain,No snow,No rain,No snow,29-Jan,6:00,1/29/2025
Westminster,1/29/2025 9:00,-1.31,-1.31,-1.31,60,1023,1.58,10000,0,Clear sky,No rain,No snow,No rain,No snow,29-Jan,9:00,1/29/2025
Westminster,1/29/2025 12:00,-2.09,-2.09,-2.09,64,1024,0.67,10000,0,Clear sky,No rain,No snow,No rain,No snow,29-Jan,12:00,1/29/2025
Westminster,1/29/2025 15:00,-1.72,-1.72,-1.72,61,1025,2.08,10000,1,Clear sky,No rain,No snow,No rain,No snow,29-Jan,15:00,1/29/2025
Westminster,1/29/2025 18:00,3.01,3.01,3.01,49,1022,2.61,10000,1,Clear sky,No rain,No snow,No rain,No snow,29-Jan,18:00,1/29/2025
Westminster,1/29/2025 21:00,5.18,5.18,5.18,42,1017,1.62,10000,0,Clear sky,No rain,No snow,No rain,No snow,29-Jan,21:00,1/29/2025
Westminster,1/30/2025 0:00,3.16,3.16,3.16,49,1018,1.58,10000,0,Clear sky,No rain,No snow,No rain,No snow,30-Jan,0:00,1/30/2025
Westminster,1/30/2025 3:00,1.53,1.53,1.53,59,1019,1.87,10000,0,Clear sky,No rain,No snow,No rain,No snow,30-Jan,3:00,1/30/2025
Westminster,1/30/2025 6:00,1.05,1.05,1.05,67,1018,0.95,10000,38,Scattered clouds,No rain,No snow,No rain,No snow,30-Jan,6:00,1/30/2025
Westminster,1/30/2025 9:00,0.77,0.77,0.77,64,1016,0.56,10000,77,Broken clouds,No rain,No snow,No rain,No snow,30-Jan,9:00,1/30/2025
Westminster,1/30/2025 12:00,0.05,0.05,0.05,63,1015,1.12,10000,49,Scattered clouds,No rain,No snow,No rain,No snow,30-Jan,12:00,1/30/2025
Westminster,1/30/2025 15:00,0.16,0.16,0.16,61,1016,2.34,10000,13,Few clouds,No rain,No snow,No rain,No snow,30-Jan,15:00,1/30/2025
Westminster,1/30/2025 18:00,3.48,3.48,3.48,48,1014,1.09,10000,24,Few clouds,No rain,No snow,No rain,No snow,30-Jan,18:00,1/30/2025
Westminster,1/30/2025 21:00,5.6,5.6,5.6,43,1010,2.76,10000,91,Overcast clouds,No rain,No snow,No rain,No snow,30-Jan,21:00,1/30/2025
Westminster,1/31/2025 0:00,3.44,3.44,3.44,52,1011,1.4,10000,86,Overcast clouds,No rain,No snow,No rain,No snow,31-Jan,0:00,1/31/2025
Westminster,1/31/2025 3:00,1.27,1.27,1.27,71,1014,0.5,9376,100,Light snow,No rain,0.94,No rain,Snow,31-Jan,3:00,1/31/2025
Westminster,1/31/2025 6:00,0.86,0.86,0.86,83,1014,1.31,10000,100,Light snow,No rain,1.44,No rain,Snow,31-Jan,6:00,1/31/2025
Westminster,1/31/2025 9:00,0.53,0.53,0.53,87,1014,0.95,3399,100,Light snow,No rain,1.35,No rain,Snow,31-Jan,9:00,1/31/2025
Westminster,1/31/2025 12:00,0.21,0.21,0.21,82,1012,1.53,10000,97,Light snow,No rain,0.2,No rain,Snow,31-Jan,12:00,1/31/2025
Westminster,1/31/2025 15:00,0.78,0.78,0.78,75,1014,0.7,10000,89,Overcast clouds,No rain,No snow,No rain,No snow,31-Jan,15:00,1/31/2025
Westminster,1/31/2025 18:00,3.11,3.11,3.11,58,1016,1.91,10000,47,Scattered clouds,No rain,No snow,No rain,No snow,31-Jan,18:00,1/31/2025
Westminster,1/31/2025 21:00,5.59,5.59,5.59,45,1011,0.93,10000,3,Clear sky,No rain,No snow,No rain,No snow,31-Jan,21:00,1/31/2025
Centennial,1/27/2025 0:00,-5.61,-7.49,-5.61,76,1029,0.91,10000,32,Scattered clouds,No rain,No snow,No rain,No snow,27-Jan,0:00,1/27/2025
Centennial,1/27/2025 3:00,-8.14,-9.87,-8.14,85,1032,2.3,10000,11,Few clouds,No rain,No snow,No rain,No snow,27-Jan,3:00,1/27/2025
Centennial,1/27/2025 6:00,-8.7,-8.7,-8.7,87,1031,3.13,10000,6,Clear sky,No rain,No snow,No rain,No snow,27-Jan,6:00,1/27/2025
Centennial,1/27/2025 9:00,-10.14,-10.14,-10.14,87,1032,2.44,10000,5,Clear sky,No rain,No snow,No rain,No snow,27-Jan,9:00,1/27/2025
Centennial,1/27/2025 12:00,-8.13,-8.13,-8.13,77,1028,4.18,10000,4,Clear sky,No rain,No snow,No rain,No snow,27-Jan,12:00,1/27/2025
Centennial,1/27/2025 15:00,-7.67,-7.67,-7.67,77,1028,3.5,10000,0,Clear sky,No rain,No snow,No rain,No snow,27-Jan,15:00,1/27/2025
Centennial,1/27/2025 18:00,1.03,1.03,1.03,83,1020,2.77,10000,0,Clear sky,No rain,No snow,No rain,No snow,27-Jan,18:00,1/27/2025
Centennial,1/27/2025 21:00,3.74,3.74,3.74,96,1015,0.48,10000,0,Clear sky,No rain,No snow,No rain,No snow,27-Jan,21:00,1/27/2025
Centennial,1/28/2025 0:00,-1.66,-1.66,-1.66,92,1019,1.04,10000,0,Clear sky,No rain,No snow,No rain,No snow,28-Jan,0:00,1/28/2025
Centennial,1/28/2025 3:00,-4.85,-4.85,-4.85,87,1024,2.6,10000,1,Clear sky,No rain,No snow,No rain,No snow,28-Jan,3:00,1/28/2025
Centennial,1/28/2025 6:00,-5.11,-5.11,-5.11,79,1024,3.3,10000,2,Clear sky,No rain,No snow,No rain,No snow,28-Jan,6:00,1/28/2025
Centennial,1/28/2025 9:00,-5.62,-5.62,-5.62,77,1023,3.49,10000,0,Clear sky,No rain,No snow,No rain,No snow,28-Jan,9:00,1/28/2025
Centennial,1/28/2025 12:00,-6.58,-6.58,-6.58,78,1024,3.18,10000,0,Clear sky,No rain,No snow,No rain,No snow,28-Jan,12:00,1/28/2025
Centennial,1/28/2025 15:00,-5.62,-5.62,-5.62,73,1023,3.5,10000,1,Clear sky,No rain,No snow,No rain,No snow,28-Jan,15:00,1/28/2025
Centennial,1/28/2025 18:00,1.51,1.51,1.51,60,1019,1.78,10000,0,Clear sky,No rain,No snow,No rain,No snow,28-Jan,18:00,1/28/2025
Centennial,1/28/2025 21:00,3.93,3.93,3.93,55,1014,0.59,10000,0,Clear sky,No rain,No snow,No rain,No snow,28-Jan,21:00,1/28/2025
Centennial,1/29/2025 0:00,-0.08,-0.08,-0.08,67,1017,0.77,10000,0,Clear sky,No rain,No snow,No rain,No snow,29-Jan,0:00,1/29/2025
Centennial,1/29/2025 3:00,-2.47,-2.47,-2.47,73,1022,2.36,10000,1,Clear sky,No rain,No snow,No rain,No snow,29-Jan,3:00,1/29/2025
Centennial,1/29/2025 6:00,-2.93,-2.93,-2.93,69,1023,3.2,10000,2,Clear sky,No rain,No snow,No rain,No snow,29-Jan,6:00,1/29/2025
Centennial,1/29/2025 9:00,-4.36,-4.36,-4.36,70,1025,1.77,10000,0,Clear sky,No rain,No snow,No rain,No snow,29-Jan,9:00,1/29/2025
Centennial,1/29/2025 12:00,-4.41,-4.41,-4.41,68,1026,2.97,10000,3,Clear sky,No rain,No snow,No rain,No snow,29-Jan,12:00,1/29/2025
Centennial,1/29/2025 15:00,-4.62,-4.62,-4.62,70,1028,2.47,10000,0,Clear sky,No rain,No snow,No rain,No snow,29-Jan,15:00,1/29/2025
Centennial,1/29/2025 18:00,2.28,2.28,2.28,46,1022,2.53,10000,0,Clear sky,No rain,No snow,No rain,No snow,29-Jan,18:00,1/29/2025
Centennial,1/29/2025 21:00,5.57,5.57,5.57,42,1016,3.65,10000,0,Clear sky,No rain,No snow,No rain,No snow,29-Jan,21:00,1/29/2025
Centennial,1/30/2025 0:00,1.39,1.39,1.39,56,1017,0.8,10000,0,Clear sky,No rain,No snow,No rain,No snow,30-Jan,0:00,1/30/2025
Centennial,1/30/2025 3:00,0.04,0.04,0.04,62,1020,2.95,10000,27,Scattered clouds,No rain,No snow,No rain,No snow,30-Jan,3:00,1/30/2025
Centennial,1/30/2025 6:00,0.22,0.22,0.22,62,1019,4.6,10000,66,Broken clouds,No rain,No snow,No rain,No snow,30-Jan,6:00,1/30/2025
Centennial,1/30/2025 9:00,-0.04,-0.04,-0.04,65,1017,3.61,10000,65,Broken clouds,No rain,No snow,No rain,No snow,30-Jan,9:00,1/30/2025
Centennial,1/30/2025 12:00,-0.89,-0.89,-0.89,65,1015,2.32,10000,63,Broken clouds,No rain,No snow,No rain,No snow,30-Jan,12:00,1/30/2025
Centennial,1/30/2025 15:00,-1.16,-1.16,-1.16,64,1016,3.14,10000,3,Clear sky,No rain,No snow,No rain,No snow,30-Jan,15:00,1/30/2025
Centennial,1/30/2025 18:00,4.03,4.03,4.03,45,1013,0.83,10000,28,Scattered clouds,No rain,No snow,No rain,No snow,30-Jan,18:00,1/30/2025
Centennial,1/30/2025 21:00,4.77,4.77,4.77,43,1010,4,10000,100,Overcast clouds,No rain,No snow,No rain,No snow,30-Jan,21:00,1/30/2025
Centennial,1/31/2025 0:00,2.18,2.18,2.18,55,1011,3.03,4746,100,Overcast clouds,No rain,No snow,No rain,No snow,31-Jan,0:00,1/31/2025
Centennial,1/31/2025 3:00,-1.27,-1.27,-1.27,97,1015,2.56,9642.253782,100,Snow,No rain,3.94,No rain,Snow,31-Jan,3:00,1/31/2025
Centennial,1/31/2025 6:00,-0.95,-0.95,-0.95,99,1015,2.19,9642.253782,100,Snow,No rain,9.46,No rain,Snow,31-Jan,6:00,1/31/2025
Centennial,1/31/2025 9:00,-1.26,-1.26,-1.26,97,1015,4.49,1089,100,Snow,No rain,4.88,No rain,Snow,31-Jan,9:00,1/31/2025
Centennial,1/31/2025 12:00,-1.68,-1.68,-1.68,97,1013,2.2,10000,99,Light snow,No rain,0.98,No rain,Snow,31-Jan,12:00,1/31/2025
Centennial,1/31/2025 15:00,-3.02,-3.02,-3.02,92,1016,2.03,10000,100,Overcast clouds,No rain,No snow,No rain,No snow,31-Jan,15:00,1/31/2025
Centennial,1/31/2025 18:00,0.52,0.52,0.52,102,1017,1.09,10000,72,Broken clouds,No rain,No snow,No rain,No snow,31-Jan,18:00,1/31/2025
Centennial,1/31/2025 21:00,1.18,1.18,1.18,101,1013,2.27,10000,6,Clear sky,No rain,No snow,No rain,No snow,31-Jan,21:00,1/31/2025
Loveland,1/27/2025 0:00,-4.41,-7.38,-4.41,74,1030,1.71,10000,52,Broken clouds,No rain,No snow,No rain,No snow,27-Jan,0:00,1/27/2025
Loveland,1/27/2025 3:00,-7.93,-10.44,-7.93,81,1032,2.19,10000,20,Few clouds,No rain,No snow,No rain,No snow,27-Jan,3:00,1/27/2025
Loveland,1/27/2025 6:00,-11.29,-11.29,-11.29,84,1034,1.85,10000,6,Clear sky,No rain,No snow,No rain,No snow,27-Jan,6:00,1/27/2025
Loveland,1/27/2025 9:00,-11.12,-11.12,-11.12,81,1032,1.7,10000,4,Clear sky,No rain,No snow,No rain,No snow,27-Jan,9:00,1/27/2025
Loveland,1/27/2025 12:00,-11.25,-11.25,-11.25,80,1031,1.79,10000,4,Clear sky,No rain,No snow,No rain,No snow,27-Jan,12:00,1/27/2025
Loveland,1/27/2025 15:00,-9.39,-9.39,-9.39,78,1029,1.81,10000,4,Clear sky,No rain,No snow,No rain,No snow,27-Jan,15:00,1/27/2025
Loveland,1/27/2025 18:00,0.41,0.41,0.41,73,1022,0.37,10000,2,Clear sky,No rain,No snow,No rain,No snow,27-Jan,18:00,1/27/2025
Loveland,1/27/2025 21:00,3.03,3.03,3.03,75,1018,0.76,10000,12,Few clouds,No rain,No snow,No rain,No snow,27-Jan,21:00,1/27/2025
Loveland,1/28/2025 0:00,-0.97,-0.97,-0.97,85,1019,1.58,10000,10,Clear sky,No rain,No snow,No rain,No snow,28-Jan,0:00,1/28/2025
Loveland,1/28/2025 3:00,-4.62,-4.62,-4.62,82,1024,2.05,10000,0,Clear sky,No rain,No snow,No rain,No snow,28-Jan,3:00,1/28/2025
Loveland,1/28/2025 6:00,-5.56,-5.56,-5.56,78,1024,1.88,10000,2,Clear sky,No rain,No snow,No rain,No snow,28-Jan,6:00,1/28/2025
Loveland,1/28/2025 9:00,-6.63,-6.63,-6.63,78,1025,1.83,10000,4,Clear sky,No rain,No snow,No rain,No snow,28-Jan,9:00,1/28/2025
Loveland,1/28/2025 12:00,-7.22,-7.22,-7.22,75,1024,1.97,10000,4,Clear sky,No rain,No snow,No rain,No snow,28-Jan,12:00,1/28/2025
Loveland,1/28/2025 15:00,-6.6,-6.6,-6.6,74,1024,1.48,10000,0,Clear sky,No rain,No snow,No rain,No snow,28-Jan,15:00,1/28/2025
Loveland,1/28/2025 18:00,2.42,2.42,2.42,62,1019,1.06,10000,0,Clear sky,No rain,No snow,No rain,No snow,28-Jan,18:00,1/28/2025
Loveland,1/28/2025 21:00,5.2,5.2,5.2,52,1015,0.14,10000,0,Clear sky,No rain,No snow,No rain,No snow,28-Jan,21:00,1/28/2025
Loveland,1/29/2025 0:00,0.74,0.74,0.74,74,1017,1.63,10000,0,Clear sky,No rain,No snow,No rain,No snow,29-Jan,0:00,1/29/2025
Loveland,1/29/2025 3:00,-2.12,-2.12,-2.12,76,1022,2.23,10000,1,Clear sky,No rain,No snow,No rain,No snow,29-Jan,3:00,1/29/2025
Loveland,1/29/2025 6:00,-2.83,-2.83,-2.83,73,1024,2.63,10000,2,Clear sky,No rain,No snow,No rain,No snow,29-Jan,6:00,1/29/2025
Loveland,1/29/2025 9:00,-3.25,-3.25,-3.25,71,1024,1.04,10000,2,Clear sky,No rain,No snow,No rain,No snow,29-Jan,9:00,1/29/2025
Loveland,1/29/2025 12:00,-4.3,-4.3,-4.3,75,1026,1.85,10000,2,Clear sky,No rain,No snow,No rain,No snow,29-Jan,12:00,1/29/2025
Loveland,1/29/2025 15:00,-3.9,-3.9,-3.9,72,1027,1.12,10000,3,Clear sky,No rain,No snow,No rain,No snow,29-Jan,15:00,1/29/2025
Loveland,1/29/2025 18:00,3.27,3.27,3.27,48,1022,2,10000,1,Clear sky,No rain,No snow,No rain,No snow,29-Jan,18:00,1/29/2025
Loveland,1/29/2025 21:00,6.15,6.15,6.15,38,1018,2.05,10000,0,Clear sky,No rain,No snow,No rain,No snow,29-Jan,21:00,1/29/2025
Loveland,1/30/2025 0:00,1.66,1.66,1.66,53,1018,0.83,10000,0,Clear sky,No rain,No snow,No rain,No snow,30-Jan,0:00,1/30/2025
Loveland,1/30/2025 3:00,0.43,0.43,0.43,59,1019,1.16,10000,0,Clear sky,No rain,No snow,No rain,No snow,30-Jan,3:00,1/30/2025
Loveland,1/30/2025 6:00,-0.7,-0.7,-0.7,65,1018,1.02,10000,1,Clear sky,No rain,No snow,No rain,No snow,30-Jan,6:00,1/30/2025
Loveland,1/30/2025 9:00,-0.42,-0.42,-0.42,62,1018,3.21,10000,50,Scattered clouds,No rain,No snow,No rain,No snow,30-Jan,9:00,1/30/2025
Loveland,1/30/2025 12:00,-1.69,-1.69,-1.69,65,1016,1.44,10000,31,Scattered clouds,No rain,No snow,No rain,No snow,30-Jan,12:00,1/30/2025
Loveland,1/30/2025 15:00,-0.1,-0.1,-0.1,57,1014,1.55,10000,6,Clear sky,No rain,No snow,No rain,No snow,30-Jan,15:00,1/30/2025
Loveland,1/30/2025 18:00,4.3,4.3,4.3,45,1014,1.15,10000,15,Few clouds,No rain,No snow,No rain,No snow,30-Jan,18:00,1/30/2025
Loveland,1/30/2025 21:00,7.67,7.67,7.67,34,1010,2.06,10000,40,Scattered clouds,No rain,No snow,No rain,No snow,30-Jan,21:00,1/30/2025
Loveland,1/31/2025 0:00,3.7,3.7,3.7,49,1010,1.86,10000,39,Scattered clouds,No rain,No snow,No rain,No snow,31-Jan,0:00,1/31/2025
Loveland,1/31/2025 3:00,2.12,2.12,2.12,57,1013,3.12,10000,71,Broken clouds,No rain,No snow,No rain,No snow,31-Jan,3:00,1/31/2025
Loveland,1/31/2025 6:00,1.68,1.68,1.68,57,1013,1.34,10000,85,Overcast clouds,No rain,No snow,No rain,No snow,31-Jan,6:00,1/31/2025
Loveland,1/31/2025 9:00,1.16,1.16,1.16,54,1013,2.07,10000,100,Overcast clouds,No rain,No snow,No rain,No snow,31-Jan,9:00,1/31/2025
Loveland,1/31/2025 12:00,1.02,1.02,1.02,53,1012,2.28,10000,100,Overcast clouds,No rain,No snow,No rain,No snow,31-Jan,12:00,1/31/2025
Loveland,1/31/2025 15:00,1.76,1.76,1.76,46,1013,2.27,10000,13,Few clouds,No rain,No snow,No rain,No snow,31-Jan,15:00,1/31/2025
Loveland,1/31/2025 18:00,8.85,8.85,8.85,24,1012,2.64,10000,37,Scattered clouds,No rain,No snow,No rain,No snow,31-Jan,18:00,1/31/2025
Loveland,1/31/2025 21:00,10.7,10.7,10.7,22,1008,1.99,10000,1,Clear sky,No rain,No snow,No rain,No snow,31-Jan,21:00,1/31/2025
Longmont,1/27/2025 0:00,-4.83,-8.47,-4.83,75,1031,2.01,10000,53,Broken clouds,No rain,No snow,No rain,No snow,27-Jan,0:00,1/27/2025
Longmont,1/27/2025 3:00,-8.68,-11.51,-8.68,81,1033,2.31,10000,18,Few clouds,No rain,No snow,No rain,No snow,27-Jan,3:00,1/27/2025
Longmont,1/27/2025 6:00,-11.82,-11.82,-11.82,83,1034,1.55,10000,5,Clear sky,No rain,No snow,No rain,No snow,27-Jan,6:00,1/27/2025
Longmont,1/27/2025 9:00,-11.63,-11.63,-11.63,80,1033,2.02,10000,2,Clear sky,No rain,No snow,No rain,No snow,27-Jan,9:00,1/27/2025
Longmont,1/27/2025 12:00,-11.06,-11.06,-11.06,78,1030,1.74,10000,2,Clear sky,No rain,No snow,No rain,No snow,27-Jan,12:00,1/27/2025
Longmont,1/27/2025 15:00,-9.05,-9.05,-9.05,76,1029,2.61,10000,2,Clear sky,No rain,No snow,No rain,No snow,27-Jan,15:00,1/27/2025
Longmont,1/27/2025 18:00,1.54,1.54,1.54,82,1021,0.42,10000,2,Clear sky,No rain,No snow,No rain,No snow,27-Jan,18:00,1/27/2025
Longmont,1/27/2025 21:00,3.52,3.52,3.52,84,1017,0.9,10000,26,Scattered clouds,No rain,No snow,No rain,No snow,27-Jan,21:00,1/27/2025
Longmont,1/28/2025 0:00,-1.19,-1.19,-1.19,83,1019,1.38,10000,19,Few clouds,No rain,No snow,No rain,No snow,28-Jan,0:00,1/28/2025
Longmont,1/28/2025 3:00,-5.22,-5.22,-5.22,75,1024,2.82,10000,1,Clear sky,No rain,No snow,No rain,No snow,28-Jan,3:00,1/28/2025
Longmont,1/28/2025 6:00,-5.97,-5.97,-5.97,73,1025,2.46,10000,1,Clear sky,No rain,No snow,No rain,No snow,28-Jan,6:00,1/28/2025
Longmont,1/28/2025 9:00,-7.04,-7.04,-7.04,72,1024,1.73,10000,3,Clear sky,No rain,No snow,No rain,No snow,28-Jan,9:00,1/28/2025
Longmont,1/28/2025 12:00,-7.75,-7.75,-7.75,68,1024,2.46,10000,3,Clear sky,No rain,No snow,No rain,No snow,28-Jan,12:00,1/28/2025
Longmont,1/28/2025 15:00,-6.71,-6.71,-6.71,68,1024,2.54,10000,0,Clear sky,No rain,No snow,No rain,No snow,28-Jan,15:00,1/28/2025
Longmont,1/28/2025 18:00,3,3,3,63,1018,0.71,10000,0,Clear sky,No rain,No snow,No rain,No snow,28-Jan,18:00,1/28/2025
Longmont,1/28/2025 21:00,5.43,5.43,5.43,54,1014,0.58,10000,0,Clear sky,No rain,No snow,No rain,No snow,28-Jan,21:00,1/28/2025
Longmont,1/29/2025 0:00,-0.12,-0.12,-0.12,77,1017,1.27,10000,0,Clear sky,No rain,No snow,No rain,No snow,29-Jan,0:00,1/29/2025
Longmont,1/29/2025 3:00,-4.05,-4.05,-4.05,77,1023,2.73,10000,1,Clear sky,No rain,No snow,No rain,No snow,29-Jan,3:00,1/29/2025
Longmont,1/29/2025 6:00,-4.14,-4.14,-4.14,71,1024,1.76,10000,2,Clear sky,No rain,No snow,No rain,No snow,29-Jan,6:00,1/29/2025
Longmont,1/29/2025 9:00,-4.76,-4.76,-4.76,73,1026,2.82,10000,3,Clear sky,No rain,No snow,No rain,No snow,29-Jan,9:00,1/29/2025
Longmont,1/29/2025 12:00,-6.04,-6.04,-6.04,79,1027,2.46,10000,3,Clear sky,No rain,No snow,No rain,No snow,29-Jan,12:00,1/29/2025
Longmont,1/29/2025 15:00,-4.58,-4.58,-4.58,71,1027,2.36,10000,4,Clear sky,No rain,No snow,No rain,No snow,29-Jan,15:00,1/29/2025
Longmont,1/29/2025 18:00,3.92,3.92,3.92,47,1022,2.03,10000,3,Clear sky,No rain,No snow,No rain,No snow,29-Jan,18:00,1/29/2025
Longmont,1/29/2025 21:00,6.07,6.07,6.07,39,1018,1.57,10000,0,Clear sky,No rain,No snow,No rain,No snow,29-Jan,21:00,1/29/2025
Longmont,1/30/2025 0:00,0.22,0.22,0.22,60,1018,1.78,10000,0,Clear sky,No rain,No snow,No rain,No snow,30-Jan,0:00,1/30/2025
Longmont,1/30/2025 3:00,0.21,0.21,0.21,63,1018,2.03,10000,0,Clear sky,No rain,No snow,No rain,No snow,30-Jan,3:00,1/30/2025
Longmont,1/30/2025 6:00,-1,-1,-1,69,1017,0.32,10000,6,Clear sky,No rain,No snow,No rain,No snow,30-Jan,6:00,1/30/2025
Longmont,1/30/2025 9:00,-0.48,-0.48,-0.48,61,1017,3.88,10000,26,Scattered clouds,No rain,No snow,No rain,No snow,30-Jan,9:00,1/30/2025
Longmont,1/30/2025 12:00,-2.66,-2.66,-2.66,67,1016,0.65,10000,26,Scattered clouds,No rain,No snow,No rain,No snow,30-Jan,12:00,1/30/2025
Longmont,1/30/2025 15:00,-0.67,-0.67,-0.67,61,1014,1,10000,6,Clear sky,No rain,No snow,No rain,No snow,30-Jan,15:00,1/30/2025
Longmont,1/30/2025 18:00,4.74,4.74,4.74,45,1013,1.41,10000,15,Few clouds,No rain,No snow,No rain,No snow,30-Jan,18:00,1/30/2025
Longmont,1/30/2025 21:00,7.25,7.25,7.25,40,1010,2.33,10000,69,Broken clouds,No rain,No snow,No rain,No snow,30-Jan,21:00,1/30/2025
Longmont,1/31/2025 0:00,2.25,2.25,2.25,57,1010,1.69,10000,55,Broken clouds,No rain,No snow,No rain,No snow,31-Jan,0:00,1/31/2025
Longmont,1/31/2025 3:00,1.25,1.25,1.25,62,1013,1.92,10000,87,Overcast clouds,No rain,No snow,No rain,No snow,31-Jan,3:00,1/31/2025
Longmont,1/31/2025 6:00,1.46,1.46,1.46,64,1013,1.19,10000,95,Light rain,0.21,No snow,Rain,No snow,31-Jan,6:00,1/31/2025
Longmont,1/31/2025 9:00,0.96,0.96,0.96,60,1013,1.6,10000,100,Overcast clouds,No rain,No snow,No rain,No snow,31-Jan,9:00,1/31/2025
Longmont,1/31/2025 12:00,0.75,0.75,0.75,57,1011,1.85,10000,93,Overcast clouds,No rain,No snow,No rain,No snow,31-Jan,12:00,1/31/2025
Longmont,1/31/2025 15:00,1.23,1.23,1.23,54,1013,2.01,10000,13,Few clouds,No rain,No snow,No rain,No snow,31-Jan,15:00,1/31/2025
Longmont,1/31/2025 18:00,7.45,7.45,7.45,31,1013,2.9,10000,12,Few clouds,No rain,No snow,No rain,No snow,31-Jan,18:00,1/31/2025
Longmont,1/31/2025 21:00,8.82,8.82,8.82,32,1009,1.32,10000,3,Clear sky,No rain,No snow,No rain,No snow,31-Jan,21:00,1/31/2025
