Boulder,No rain,No snow,27-Jan,0:00,Temp_Cold,Humidity_High,Pressure_High,Wind_Calm,Visibility_Moderate
Boulder,No rain,No snow,27-Jan,3:00,Temp_Cold,Humidity_High,Pressure_High,Wind_Calm,Visibility_Moderate
Boulder,No rain,No snow,27-Jan,6:00,Temp_Cold,Humidity_High,Pressure_High,Wind_Calm,Visibility_Moderate
Boulder,No rain,No snow,27-Jan,9:00,Temp_Cold,Humidity_High,Pressure_High,Wind_Moderate,Visibility_Moderate
Boulder,No rain,No snow,27-Jan,12:00,Temp_Cold,Humidity_Moderate,Pressure_High,Wind_Moderate,Visibility_Moderate
Boulder,No rain,No snow,27-Jan,15:00,Temp_Cold,Humidity_Moderate,Pressure_High,Wind_Moderate,Visibility_Moderate
Boulder,No rain,No snow,27-Jan,18:00,Temp_Cool,Humidity_High,Pressure_Normal,Wind_Calm,Visibility_Moderate
Boulder,No rain,No snow,27-Jan,21:00,Temp_Cool,Humidity_High,Pressure_Normal,Wind_Calm,Visibility_Moderate
Boulder,No rain,No snow,28-Jan,0:00,Temp_Cold,Humidity_High,Pressure_Normal,Wind_Calm,Visibility_Moderate
Boulder,No rain,No snow,28-Jan,3:00,Temp_Cold,Humidity_Moderate,Pressure_High,Wind_Moderate,Visibility_Moderate
Boulder,No rain,No snow,28-Jan,6:00,Temp_Cold,Humidity_Moderate,Pressure_High,Wind_Moderate,Visibility_Moderate
Boulder,No rain,No snow,28-Jan,9:00,Temp_Cold,Humidity_Moderate,Pressure_High,Wind_Moderate,Visibility_Moderate
Boulder,No rain,No snow,28-Jan,12:00,Temp_Cold,Humidity_Moderate,Pressure_High,Wind_Moderate,Visibility_Moderate
Boulder,No rain,No snow,28-Jan,15:00,Temp_Cold,Humidity_Moderate,Pressure_High,Wind_Calm,Visibility_Moderate
Boulder,No rain,No snow,28-Jan,18:00,Temp_Cool,Humidity_Moderate,Pressure_Normal,Wind_Calm,Visibility_Moderate
Boulder,No rain,No snow,28-Jan,21:00,Temp_Cool,Humidity_Moderate,Pressure_Normal,Wind_Calm,Visibility_Moderate
Boulder,No rain,No snow,29-Jan,0:00,Temp_Cold,Humidity_High,Pressure_Normal,Wind_Calm,Visibility_Moderate
Boulder,No rain,No snow,29-Jan,3:00,Temp_Cold,Humidity_Moderate,Pressure_High,Wind_Calm,Visibility_Moderate
Boulder,No rain,No snow,29-Jan,6:00,Temp_Cold,Humidity_Moderate,Pressure_High,Wind_Calm,Visibility_Moderate
Boulder,No rain,No snow,29-Jan,9:00,Temp_Cold,Humidity_Moderate,Pressure_High,Wind_Calm,Visibility_Moderate
Boulder,No rain,No snow,29-Jan,12:00,Temp_Cold,Humidity_Moderate,Pressure_High,Wind_Calm,Visibility_Moderate
Boulder,No rain,No snow,29-Jan,15:00,Temp_Cold,Humidity_Moderate,Pressure_High,Wind_Calm,Visibility_Moderate
Boulder,No rain,No snow,29-Jan,18:00,Temp_Cool,Humidity_Moderate,Pressure_Normal,Wind_Calm,Visibility_Moderate
Boulder,No rain,No snow,29-Jan,21:00,Temp_Cool,Humidity_Moderate,Pressure_Normal,Wind_Calm,Visibility_Moderate
Boulder,No rain,No snow,30-Jan,0:00,Temp_Cold,Humidity_High,Pressure_Normal,Wind_Calm,Visibility_Moderate
Boulder,No rain,No snow,30-Jan,3:00,Temp_Cold,Humidity_High,Pressure_High,Wind_Calm,Visibility_Moderate
Boulder,No rain,No snow,30-Jan,6:00,Temp_Cold,Humidity_Moderate,Pressure_Normal,Wind_Calm,Visibility_Moderate
Boulder,No rain,No snow,30-Jan,9:00,Temp_Cold,Humidity_Moderate,Pressure_Normal,Wind_Calm,Visibility_Moderate
Boulder,No rain,No snow,30-Jan,12:00,Temp_Cold,Humidity_Moderate,Pressure_Normal,Wind_Calm,Visibility_Moderate
Boulder,No rain,No snow,30-Jan,15:00,Temp_Cold,Humidity_Moderate,Pressure_Normal,Wind_Calm,Visibility_Moderate
Boulder,No rain,No snow,30-Jan,18:00,Temp_Cool,Humidity_Moderate,Pressure_Normal,Wind_Calm,Visibility_Moderate
Boulder,No rain,No snow,30-Jan,21:00,Temp_Cool,Humidity_Moderate,Pressure_Normal,Wind_Calm,Visibility_Moderate
Boulder,No rain,No snow,31-Jan,0:00,Temp_Cold,Humidity_High,Pressure_Normal,Wind_Calm,Visibility_Moderate
Boulder,No rain,No snow,31-Jan,3:00,Temp_Cold,Humidity_Moderate,Pressure_Normal,Wind_Calm,Visibility_Moderate
Boulder,No rain,Snow,31-Jan,6:00,Temp_Cold,Humidity_High,Pressure_Normal,Wind_Calm,Visibility_Moderate
Boulder,No rain,No snow,31-Jan,9:00,Temp_Cold,Humidity_Moderate,Pressure_Normal,Wind_Calm,Visibility_Moderate
Boulder,No rain,No snow,31-Jan,12:00,Temp_Cold,Humidity_Moderate,Pressure_Normal,Wind_Calm,Visibility_Moderate
Boulder,No rain,No snow,31-Jan,15:00,Temp_Cold,Humidity_Moderate,Pressure_Normal,Wind_Moderate,Visibility_Moderate
Boulder,No rain,No snow,31-Jan,18:00,Temp_Cool,Humidity_Moderate,Pressure_Normal,Wind_Calm,Visibility_Moderate
Boulder,No rain,No snow,31-Jan,21:00,Temp_Cool,Humidity_Moderate,Pressure_Normal,Wind_Calm,Visibility_Moderate
Denver,No rain,No snow,27-Jan,0:00,Temp_Cold,Humidity_High,Pressure_High,Wind_Calm,Visibility_Moderate
Denver,No rain,No snow,27-Jan,3:00,Temp_Cold,Humidity_High,Pressure_High,Wind_Calm,Visibility_Moderate
Denver,No rain,No snow,27-Jan,6:00,Temp_Cold,Humidity_High,Pressure_High,Wind_Calm,Visibility_Moderate
Denver,No rain,No snow,27-Jan,9:00,Temp_Cold,Humidity_High,Pressure_High,Wind_Calm,Visibility_Moderate
Denver,No rain,No snow,27-Jan,12:00,Temp_Cold,Humidity_High,Pressure_High,Wind_Calm,Visibility_Moderate
Denver,No rain,No snow,27-Jan,15:00,Temp_Cold,Humidity_High,Pressure_High,Wind_Calm,Visibility_Moderate
Denver,No rain,No snow,27-Jan,18:00,Temp_Cool,Humidity_High,Pressure_Normal,Wind_Calm,Visibility_Moderate
Denver,No rain,No snow,27-Jan,21:00,Temp_Cool,Humidity_High,Pressure_Normal,Wind_Calm,Visibility_Moderate
Denver,No rain,No snow,28-Jan,0:00,Temp_Cold,Humidity_High,Pressure_Normal,Wind_Calm,Visibility_Moderate
Denver,No rain,No snow,28-Jan,3:00,Temp_Cold,Humidity_High,Pressure_High,Wind_Calm,Visibility_Moderate
Denver,No rain,No snow,28-Jan,6:00,Temp_Cold,Humidity_High,Pressure_High,Wind_Calm,Visibility_Moderate
Denver,No rain,No snow,28-Jan,9:00,Temp_Cold,Humidity_High,Pressure_High,Wind_Calm,Visibility_Moderate
Denver,No rain,No snow,28-Jan,12:00,Temp_Cold,Humidity_High,Pressure_High,Wind_Calm,Visibility_Moderate
Denver,No rain,No snow,28-Jan,15:00,Temp_Cold,Humidity_High,Pressure_High,Wind_Calm,Visibility_Moderate
Denver,No rain,No snow,28-Jan,18:00,Temp_Cool,Humidity_Moderate,Pressure_Normal,Wind_Calm,Visibility_Moderate
Denver,No rain,No snow,28-Jan,21:00,Temp_Cool,Humidity_Moderate,Pressure_Normal,Wind_Calm,Visibility_Moderate
Denver,No rain,No snow,29-Jan,0:00,Temp_Cool,Humidity_Moderate,Pressure_Normal,Wind_Calm,Visibility_Moderate
Denver,No rain,No snow,29-Jan,3:00,Temp_Cool,Humidity_Moderate,Pressure_Normal,Wind_Calm,Visibility_Moderate
Denver,No rain,No snow,29-Jan,6:00,Temp_Cool,Humidity_Moderate,Pressure_High,Wind_Calm,Visibility_Moderate
Denver,No rain,No snow,29-Jan,9:00,Temp_Cold,Humidity_Moderate,Pressure_High,Wind_Calm,Visibility_Moderate
Denver,No rain,No snow,29-Jan,12:00,Temp_Cold,Humidity_Moderate,Pressure_High,Wind_Calm,Visibility_Moderate
Denver,No rain,No snow,29-Jan,15:00,Temp_Cold,Humidity_Moderate,Pressure_High,Wind_Calm,Visibility_Moderate
Denver,No rain,No snow,29-Jan,18:00,Temp_Cool,Humidity_Moderate,Pressure_High,Wind_Calm,Visibility_Moderate
Denver,No rain,No snow,29-Jan,21:00,Temp_Cool,Humidity_Moderate,Pressure_Normal,Wind_Calm,Visibility_Moderate
Denver,No rain,No snow,30-Jan,0:00,Temp_Cool,Humidity_Moderate,Pressure_Normal,Wind_Calm,Visibility_Moderate
Denver,No rain,No snow,30-Jan,3:00,Temp_Cool,Humidity_Moderate,Pressure_Normal,Wind_Calm,Visibility_Moderate
Denver,No rain,No snow,30-Jan,6:00,Temp_Cool,Humidity_Moderate,Pressure_Normal,Wind_Calm,Visibility_Moderate
Denver,No rain,No snow,30-Jan,9:00,Temp_Cool,Humidity_Moderate,Pressure_Normal,Wind_Calm,Visibility_Moderate
Denver,No rain,No snow,30-Jan,12:00,Temp_Cool,Humidity_Moderate,Pressure_Normal,Wind_Calm,Visibility_Moderate
Denver,No rain,No snow,30-Jan,15:00,Temp_Cool,Humidity_Moderate,Pressure_Normal,Wind_Calm,Visibility_Moderate
Denver,No rain,No snow,30-Jan,18:00,Temp_Cool,Humidity_Moderate,Pressure_Normal,Wind_Calm,Visibility_Moderate
Denver,No rain,No snow,30-Jan,21:00,Temp_Cool,Humidity_Moderate,Pressure_Normal,Wind_Calm,Visibility_Moderate
Denver,No rain,No snow,31-Jan,0:00,Temp_Cool,Humidity_Moderate,Pressure_Normal,Wind_Calm,Visibility_Moderate
Denver,No rain,Snow,31-Jan,3:00,Temp_Cool,Humidity_High,Pressure_Normal,Wind_Calm,Visibility_Moderate
Denver,No rain,Snow,31-Jan,6:00,Temp_Cool,Humidity_High,Pressure_Normal,Wind_Calm,Visibility_Moderate
Denver,No rain,Snow,31-Jan,9:00,Temp_Cool,Humidity_High,Pressure_Normal,Wind_Calm,Visibility_Moderate
Denver,No rain,Snow,31-Jan,12:00,Temp_Cold,Humidity_High,Pressure_Normal,Wind_Calm,Visibility_Moderate
Denver,No rain,No snow,31-Jan,15:00,Temp_Cold,Humidity_High,Pressure_Normal,Wind_Calm,Visibility_Moderate
Denver,No rain,No snow,31-Jan,18:00,Temp_Cool,Humidity_High,Pressure_Normal,Wind_Calm,Visibility_Moderate
Denver,No rain,No snow,31-Jan,21:00,Temp_Cool,Humidity_Moderate,Pressure_Normal,Wind_Calm,Visibility_Moderate
Colorado Springs,No rain,No snow,27-Jan,0:00,Temp_Cold,Humidity_High,Pressure_High,Wind_Calm,Visibility_Moderate
Colorado Springs,No rain,No snow,27-Jan,3:00,Temp_Cold,Humidity_High,Pressure_High,Wind_Calm,Visibility_Moderate
Colorado Springs,No rain,No snow,27-Jan,6:00,Temp_Cold,Humidity_High,Pressure_High,Wind_Calm,Visibility_Moderate
Colorado Springs,No rain,No snow,27-Jan,9:00,Temp_Cold,Humidity_High,Pressure_High,Wind_Calm,Visibility_Moderate
Colorado Springs,No rain,No snow,27-Jan,12:00,Temp_Cold,Humidity_Moderate,Pressure_High,Wind_Calm,Visibility_Moderate
Colorado Springs,No rain,No snow,27-Jan,15:00,Temp_Cold,Humidity_Moderate,Pressure_High,Wind_Calm,Visibility_Moderate
Colorado Springs,No rain,No snow,27-Jan,18:00,Temp_Cool,Humidity_Moderate,Pressure_Normal,Wind_Calm,Visibility_Moderate
Colorado Springs,No rain,No snow,27-Jan,21:00,Temp_Cool,Humidity_Moderate,Pressure_Normal,Wind_Calm,Visibility_Moderate
Colorado Springs,No rain,No snow,28-Jan,0:00,Temp_Cool,Humidity_High,Pressure_Normal,Wind_Calm,Visibility_Moderate
Colorado Springs,No rain,No snow,28-Jan,3:00,Temp_Cold,Humidity_Moderate,Pressure_High,Wind_Calm,Visibility_Moderate
Colorado Springs,No rain,No snow,28-Jan,6:00,Temp_Cold,Humidity_Moderate,Pressure_High,Wind_Calm,Visibility_Moderate
Colorado Springs,No rain,No snow,28-Jan,9:00,Temp_Cold,Humidity_Moderate,Pressure_High,Wind_Calm,Visibility_Moderate
Colorado Springs,No rain,No snow,28-Jan,12:00,Temp_Cold,Humidity_Moderate,Pressure_High,Wind_Calm,Visibility_Moderate
Colorado Springs,No rain,No snow,28-Jan,15:00,Temp_Cold,Humidity_Moderate,Pressure_High,Wind_Calm,Visibility_Moderate
Colorado Springs,No rain,No snow,28-Jan,18:00,Temp_Cool,Humidity_Moderate,Pressure_Normal,Wind_Calm,Visibility_Moderate
Colorado Springs,No rain,No snow,28-Jan,21:00,Temp_Cool,Humidity_Moderate,Pressure_Normal,Wind_Calm,Visibility_Moderate
Colorado Springs,No rain,No snow,29-Jan,0:00,Temp_Cold,Humidity_High,Pressure_Normal,Wind_Calm,Visibility_Moderate
Colorado Springs,No rain,No snow,29-Jan,3:00,Temp_Cold,Humidity_High,Pressure_High,Wind_Calm,Visibility_Moderate
Colorado Springs,No rain,No snow,29-Jan,6:00,Temp_Cold,Humidity_High,Pressure_High,Wind_Calm,Visibility_Moderate
Colorado Springs,No rain,No snow,29-Jan,9:00,Temp_Cold,Humidity_Moderate,Pressure_High,Wind_Calm,Visibility_Moderate
Colorado Springs,No rain,No snow,29-Jan,12:00,Temp_Cold,Humidity_Moderate,Pressure_High,Wind_Calm,Visibility_Moderate
Colorado Springs,No rain,No snow,29-Jan,15:00,Temp_Cold,Humidity_Moderate,Pressure_High,Wind_Calm,Visibility_Moderate
Colorado Springs,No rain,No snow,29-Jan,18:00,Temp_Cool,Humidity_Moderate,Pressure_High,Wind_Calm,Visibility_Moderate
Colorado Springs,No rain,No snow,29-Jan,21:00,Temp_Cool,Humidity_Moderate,Pressure_Normal,Wind_Calm,Visibility_Moderate
Colorado Springs,No rain,No snow,30-Jan,0:00,Temp_Cool,Humidity_Moderate,Pressure_Normal,Wind_Calm,Visibility_Moderate
Colorado Springs,No rain,No snow,30-Jan,3:00,Temp_Cold,Humidity_Moderate,Pressure_High,Wind_Calm,Visibility_Moderate
Colorado Springs,No rain,No snow,30-Jan,6:00,Temp_Cold,Humidity_High,Pressure_High,Wind_Calm,Visibility_Moderate
Colorado Springs,No rain,No snow,30-Jan,9:00,Temp_Cold,Humidity_High,Pressure_High,Wind_Calm,Visibility_Moderate
Colorado Springs,No rain,No snow,30-Jan,12:00,Temp_Cold,Humidity_High,Pressure_Normal,Wind_Calm,Visibility_Moderate
Colorado Springs,No rain,No snow,30-Jan,15:00,Temp_Cool,Humidity_High,Pressure_Normal,Wind_Calm,Visibility_Moderate
Colorado Springs,No rain,No snow,30-Jan,18:00,Temp_Cool,Humidity_Moderate,Pressure_Normal,Wind_Calm,Visibility_Moderate
Colorado Springs,Rain,No snow,30-Jan,21:00,Temp_Cool,Humidity_Moderate,Pressure_Normal,Wind_Moderate,Visibility_Moderate
Colorado Springs,No rain,Snow,31-Jan,0:00,Temp_Cool,Humidity_Moderate,Pressure_Normal,Wind_Moderate,Visibility_Moderate
Colorado Springs,No rain,Snow,31-Jan,3:00,Temp_Cool,Humidity_High,Pressure_Normal,Wind_Moderate,Visibility_Moderate
Colorado Springs,No rain,Snow,31-Jan,6:00,Temp_Cool,Humidity_High,Pressure_Normal,Wind_Moderate,Visibility_Moderate
Colorado Springs,No rain,Snow,31-Jan,9:00,Temp_Cool,Humidity_High,Pressure_Normal,Wind_Moderate,Visibility_Moderate
Colorado Springs,No rain,Snow,31-Jan,12:00,Temp_Cool,Humidity_High,Pressure_Normal,Wind_Moderate,Visibility_Moderate
Colorado Springs,Rain,No snow,31-Jan,15:00,Temp_Cool,Humidity_Moderate,Pressure_Normal,Wind_Moderate,Visibility_Moderate
Colorado Springs,No rain,No snow,31-Jan,18:00,Temp_Cool,Humidity_Moderate,Pressure_Normal,Wind_Moderate,Visibility_Moderate
Colorado Springs,No rain,No snow,31-Jan,21:00,Temp_Cool,Humidity_Moderate,Pressure_Normal,Wind_Moderate,Visibility_Moderate
Fort Collins,No rain,No snow,27-Jan,0:00,Temp_Cold,Humidity_High,Pressure_High,Wind_Calm,Visibility_Moderate
Fort Collins,No rain,No snow,27-Jan,3:00,Temp_Cold,Humidity_High,Pressure_High,Wind_Calm,Visibility_Moderate
Fort Collins,No rain,No snow,27-Jan,6:00,Temp_Cold,Humidity_High,Pressure_High,Wind_Calm,Visibility_Moderate
Fort Collins,No rain,No snow,27-Jan,9:00,Temp_Cold,Humidity_High,Pressure_High,Wind_Calm,Visibility_Moderate
Fort Collins,No rain,No snow,27-Jan,12:00,Temp_Cold,Humidity_High,Pressure_High,Wind_Calm,Visibility_Moderate
Fort Collins,No rain,No snow,27-Jan,15:00,Temp_Cold,Humidity_High,Pressure_High,Wind_Calm,Visibility_Moderate
Fort Collins,No rain,No snow,27-Jan,18:00,Temp_Cool,Humidity_High,Pressure_High,Wind_Calm,Visibility_Moderate
Fort Collins,No rain,No snow,27-Jan,21:00,Temp_Cool,Humidity_High,Pressure_Normal,Wind_Calm,Visibility_Moderate
Fort Collins,No rain,No snow,28-Jan,0:00,Temp_Cold,Humidity_High,Pressure_Normal,Wind_Calm,Visibility_Moderate
Fort Collins,No rain,No snow,28-Jan,3:00,Temp_Cold,Humidity_High,Pressure_High,Wind_Calm,Visibility_Moderate
Fort Collins,No rain,No snow,28-Jan,6:00,Temp_Cold,Humidity_High,Pressure_High,Wind_Calm,Visibility_Moderate
Fort Collins,No rain,No snow,28-Jan,9:00,Temp_Cold,Humidity_High,Pressure_High,Wind_Calm,Visibility_Moderate
Fort Collins,No rain,No snow,28-Jan,12:00,Temp_Cold,Humidity_High,Pressure_High,Wind_Calm,Visibility_Moderate
Fort Collins,No rain,No snow,28-Jan,15:00,Temp_Cold,Humidity_High,Pressure_High,Wind_Calm,Visibility_Moderate
Fort Collins,No rain,No snow,28-Jan,18:00,Temp_Cool,Humidity_Moderate,Pressure_Normal,Wind_Calm,Visibility_Moderate
Fort Collins,No rain,No snow,28-Jan,21:00,Temp_Cool,Humidity_Moderate,Pressure_Normal,Wind_Calm,Visibility_Moderate
Fort Collins,No rain,No snow,29-Jan,0:00,Temp_Cool,Humidity_High,Pressure_Normal,Wind_Calm,Visibility_Moderate
Fort Collins,No rain,No snow,29-Jan,3:00,Temp_Cold,Humidity_High,Pressure_High,Wind_Calm,Visibility_Moderate
Fort Collins,No rain,No snow,29-Jan,6:00,Temp_Cold,Humidity_Moderate,Pressure_High,Wind_Calm,Visibility_Moderate
Fort Collins,No rain,No snow,29-Jan,9:00,Temp_Cold,Humidity_Moderate,Pressure_High,Wind_Calm,Visibility_Moderate
Fort Collins,No rain,No snow,29-Jan,12:00,Temp_Cold,Humidity_Moderate,Pressure_High,Wind_Calm,Visibility_Moderate
Fort Collins,No rain,No snow,29-Jan,15:00,Temp_Cold,Humidity_Moderate,Pressure_High,Wind_Calm,Visibility_Moderate
Fort Collins,No rain,No snow,29-Jan,18:00,Temp_Cool,Humidity_Moderate,Pressure_High,Wind_Calm,Visibility_Moderate
Fort Collins,No rain,No snow,29-Jan,21:00,Temp_Cool,Humidity_Moderate,Pressure_Normal,Wind_Calm,Visibility_Moderate
Fort Collins,No rain,No snow,30-Jan,0:00,Temp_Cool,Humidity_Moderate,Pressure_Normal,Wind_Calm,Visibility_Moderate
Fort Collins,No rain,No snow,30-Jan,3:00,Temp_Cool,Humidity_Moderate,Pressure_Normal,Wind_Calm,Visibility_Moderate
Fort Collins,No rain,No snow,30-Jan,6:00,Temp_Cold,Humidity_Moderate,Pressure_Normal,Wind_Calm,Visibility_Moderate
Fort Collins,No rain,No snow,30-Jan,9:00,Temp_Cold,Humidity_Moderate,Pressure_Normal,Wind_Calm,Visibility_Moderate
Fort Collins,No rain,No snow,30-Jan,12:00,Temp_Cold,Humidity_Moderate,Pressure_Normal,Wind_Calm,Visibility_Moderate
Fort Collins,No rain,No snow,30-Jan,15:00,Temp_Cool,Humidity_Moderate,Pressure_Normal,Wind_Calm,Visibility_Moderate
Fort Collins,No rain,No snow,30-Jan,18:00,Temp_Cool,Humidity_Moderate,Pressure_Normal,Wind_Calm,Visibility_Moderate
Fort Collins,No rain,No snow,30-Jan,21:00,Temp_Cool,Humidity_Moderate,Pressure_Normal,Wind_Calm,Visibility_Moderate
Fort Collins,No rain,No snow,31-Jan,0:00,Temp_Cool,Humidity_Moderate,Pressure_Normal,Wind_Calm,Visibility_Moderate
Fort Collins,No rain,No snow,31-Jan,3:00,Temp_Cool,Humidity_Moderate,Pressure_Normal,Wind_Calm,Visibility_Moderate
Fort Collins,No rain,No snow,31-Jan,6:00,Temp_Cool,Humidity_Moderate,Pressure_Normal,Wind_Calm,Visibility_Moderate
Fort Collins,No rain,No snow,31-Jan,9:00,Temp_Cool,Humidity_Moderate,Pressure_Normal,Wind_Calm,Visibility_Moderate
Fort Collins,No rain,No snow,31-Jan,12:00,Temp_Cool,Humidity_Moderate,Pressure_Normal,Wind_Calm,Visibility_Moderate
Fort Collins,No rain,No snow,31-Jan,15:00,Temp_Cool,Humidity_Moderate,Pressure_Normal,Wind_Calm,Visibility_Moderate
Fort Collins,No rain,No snow,31-Jan,18:00,Temp_Cool,Humidity_Low,Pressure_Normal,Wind_Calm,Visibility_Moderate
Fort Collins,No rain,No snow,31-Jan,21:00,Temp_Cool,Humidity_Low,Pressure_Normal,Wind_Calm,Visibility_Moderate
Aurora,No rain,No snow,27-Jan,0:00,Temp_Cold,Humidity_High,Pressure_High,Wind_Calm,Visibility_Moderate
Aurora,No rain,No snow,27-Jan,3:00,Temp_Cold,Humidity_High,Pressure_High,Wind_Calm,Visibility_Moderate
Aurora,No rain,No snow,27-Jan,6:00,Temp_Cold,Humidity_High,Pressure_High,Wind_Calm,Visibility_Moderate
Aurora,No rain,No snow,27-Jan,9:00,Temp_Cold,Humidity_High,Pressure_High,Wind_Calm,Visibility_Moderate
Aurora,No rain,No snow,27-Jan,12:00,Temp_Cold,Humidity_High,Pressure_High,Wind_Calm,Visibility_Moderate
Aurora,No rain,No snow,27-Jan,15:00,Temp_Cold,Humidity_High,Pressure_High,Wind_Calm,Visibility_Moderate
Aurora,No rain,No snow,27-Jan,18:00,Temp_Cool,Humidity_Moderate,Pressure_High,Wind_Calm,Visibility_Moderate
Aurora,No rain,No snow,27-Jan,21:00,Temp_Cool,Humidity_Moderate,Pressure_Normal,Wind_Calm,Visibility_Moderate
Aurora,No rain,No snow,28-Jan,0:00,Temp_Cold,Humidity_High,Pressure_Normal,Wind_Calm,Visibility_Moderate
Aurora,No rain,No snow,28-Jan,3:00,Temp_Cold,Humidity_High,Pressure_High,Wind_Calm,Visibility_Moderate
Aurora,No rain,No snow,28-Jan,6:00,Temp_Cold,Humidity_High,Pressure_High,Wind_Calm,Visibility_Moderate
Aurora,No rain,No snow,28-Jan,9:00,Temp_Cold,Humidity_High,Pressure_High,Wind_Calm,Visibility_Moderate
Aurora,No rain,No snow,28-Jan,12:00,Temp_Cold,Humidity_High,Pressure_High,Wind_Calm,Visibility_Moderate
Aurora,No rain,No snow,28-Jan,15:00,Temp_Cold,Humidity_High,Pressure_High,Wind_Calm,Visibility_Moderate
Aurora,No rain,No snow,28-Jan,18:00,Temp_Cool,Humidity_Moderate,Pressure_Normal,Wind_Calm,Visibility_Moderate
Aurora,No rain,No snow,28-Jan,21:00,Temp_Cool,Humidity_Moderate,Pressure_Normal,Wind_Calm,Visibility_Moderate
Aurora,No rain,No snow,29-Jan,0:00,Temp_Cool,Humidity_Moderate,Pressure_Normal,Wind_Calm,Visibility_Moderate
Aurora,No rain,No snow,29-Jan,3:00,Temp_Cold,Humidity_Moderate,Pressure_Normal,Wind_Calm,Visibility_Moderate
Aurora,No rain,No snow,29-Jan,6:00,Temp_Cold,Humidity_Moderate,Pressure_High,Wind_Calm,Visibility_Moderate
Aurora,No rain,No snow,29-Jan,9:00,Temp_Cold,Humidity_Moderate,Pressure_High,Wind_Calm,Visibility_Moderate
Aurora,No rain,No snow,29-Jan,12:00,Temp_Cold,Humidity_Moderate,Pressure_High,Wind_Calm,Visibility_Moderate
Aurora,No rain,No snow,29-Jan,15:00,Temp_Cold,Humidity_Moderate,Pressure_High,Wind_Calm,Visibility_Moderate
Aurora,No rain,No snow,29-Jan,18:00,Temp_Cool,Humidity_Moderate,Pressure_High,Wind_Calm,Visibility_Moderate
Aurora,No rain,No snow,29-Jan,21:00,Temp_Cool,Humidity_Moderate,Pressure_Normal,Wind_Calm,Visibility_Moderate
Aurora,No rain,No snow,30-Jan,0:00,Temp_Cool,Humidity_Moderate,Pressure_Normal,Wind_Calm,Visibility_Moderate
Aurora,No rain,No snow,30-Jan,3:00,Temp_Cool,Humidity_Moderate,Pressure_Normal,Wind_Calm,Visibility_Moderate
Aurora,No rain,No snow,30-Jan,6:00,Temp_Cool,Humidity_Moderate,Pressure_Normal,Wind_Calm,Visibility_Moderate
Aurora,No rain,No snow,30-Jan,9:00,Temp_Cool,Humidity_Moderate,Pressure_Normal,Wind_Calm,Visibility_Moderate
Aurora,No rain,No snow,30-Jan,12:00,Temp_Cold,Humidity_Moderate,Pressure_Normal,Wind_Calm,Visibility_Moderate
Aurora,No rain,No snow,30-Jan,15:00,Temp_Cold,Humidity_Moderate,Pressure_Normal,Wind_Calm,Visibility_Moderate
Aurora,No rain,No snow,30-Jan,18:00,Temp_Cool,Humidity_Moderate,Pressure_Normal,Wind_Calm,Visibility_Moderate
Aurora,No rain,No snow,30-Jan,21:00,Temp_Cool,Humidity_Moderate,Pressure_Normal,Wind_Calm,Visibility_Moderate
Aurora,No rain,No snow,31-Jan,0:00,Temp_Cool,Humidity_Moderate,Pressure_Normal,Wind_Calm,Visibility_Moderate
Aurora,No rain,Snow,31-Jan,3:00,Temp_Cold,Humidity_High,Pressure_Normal,Wind_Calm,Visibility_Low
Aurora,No rain,Snow,31-Jan,6:00,Temp_Cold,Humidity_High,Pressure_Normal,Wind_Calm,Visibility_Low
Aurora,No rain,Snow,31-Jan,9:00,Temp_Cold,Humidity_High,Pressure_Normal,Wind_Calm,Visibility_Low
Aurora,No rain,Snow,31-Jan,12:00,Temp_Cold,Humidity_High,Pressure_Normal,Wind_Calm,Visibility_Moderate
Aurora,No rain,No snow,31-Jan,15:00,Temp_Cold,Humidity_High,Pressure_Normal,Wind_Calm,Visibility_Moderate
Aurora,No rain,No snow,31-Jan,18:00,Temp_Cool,Humidity_High,Pressure_Normal,Wind_Calm,Visibility_Moderate
Aurora,No rain,No snow,31-Jan,21:00,Temp_Cool,Humidity_High,Pressure_Normal,Wind_Calm,Visibility_Moderate
Grand Junction,No rain,No snow,27-Jan,0:00,Temp_Cool,Humidity_Moderate,Pressure_Normal,Wind_Calm,Visibility_Moderate
Grand Junction,No rain,No snow,27-Jan,3:00,Temp_Cool,Humidity_Moderate,Pressure_High,Wind_Calm,Visibility_Moderate
Grand Junction,No rain,No snow,27-Jan,6:00,Temp_Cool,Humidity_Moderate,Pressure_High,Wind_Calm,Visibility_Moderate
Grand Junction,No rain,No snow,27-Jan,9:00,Temp_Cool,Humidity_Moderate,Pressure_High,Wind_Calm,Visibility_Moderate
Grand Junction,No rain,No snow,27-Jan,12:00,Temp_Cold,Humidity_Moderate,Pressure_High,Wind_Calm,Visibility_Moderate
Grand Junction,No rain,No snow,27-Jan,15:00,Temp_Cold,Humidity_Moderate,Pressure_High,Wind_Calm,Visibility_Moderate
Grand Junction,No rain,No snow,27-Jan,18:00,Temp_Cool,Humidity_Moderate,Pressure_High,Wind_Calm,Visibility_Moderate
Grand Junction,No rain,No snow,27-Jan,21:00,Temp_Cool,Humidity_Moderate,Pressure_Normal,Wind_Calm,Visibility_Moderate
Grand Junction,No rain,No snow,28-Jan,0:00,Temp_Cool,Humidity_Moderate,Pressure_Normal,Wind_Calm,Visibility_Moderate
Grand Junction,No rain,No snow,28-Jan,3:00,Temp_Cool,Humidity_Moderate,Pressure_Normal,Wind_Calm,Visibility_Moderate
Grand Junction,No rain,No snow,28-Jan,6:00,Temp_Cool,Humidity_Moderate,Pressure_Normal,Wind_Calm,Visibility_Moderate
Grand Junction,No rain,No snow,28-Jan,9:00,Temp_Cool,Humidity_Moderate,Pressure_Normal,Wind_Calm,Visibility_Moderate
Grand Junction,No rain,No snow,28-Jan,12:00,Temp_Cold,Humidity_Moderate,Pressure_Normal,Wind_Calm,Visibility_Moderate
Grand Junction,No rain,No snow,28-Jan,15:00,Temp_Cool,Humidity_Moderate,Pressure_Normal,Wind_Calm,Visibility_Moderate
Grand Junction,No rain,No snow,28-Jan,18:00,Temp_Cool,Humidity_Moderate,Pressure_Normal,Wind_Calm,Visibility_Moderate
Grand Junction,No rain,No snow,28-Jan,21:00,Temp_Cool,Humidity_Moderate,Pressure_Normal,Wind_Calm,Visibility_Moderate
Grand Junction,Rain,No snow,29-Jan,0:00,Temp_Cool,Humidity_Moderate,Pressure_Normal,Wind_Calm,Visibility_Moderate
Grand Junction,No rain,No snow,29-Jan,3:00,Temp_Cool,Humidity_Moderate,Pressure_Normal,Wind_Calm,Visibility_Moderate
Grand Junction,No rain,No snow,29-Jan,6:00,Temp_Cool,Humidity_Moderate,Pressure_Normal,Wind_Calm,Visibility_Moderate
Grand Junction,No rain,No snow,29-Jan,9:00,Temp_Cool,Humidity_Moderate,Pressure_High,Wind_Calm,Visibility_Moderate
Grand Junction,No rain,No snow,29-Jan,12:00,Temp_Cool,Humidity_Moderate,Pressure_High,Wind_Calm,Visibility_Moderate
Grand Junction,No rain,No snow,29-Jan,15:00,Temp_Cool,Humidity_Moderate,Pressure_High,Wind_Calm,Visibility_Moderate
Grand Junction,No rain,No snow,29-Jan,18:00,Temp_Cool,Humidity_Moderate,Pressure_High,Wind_Calm,Visibility_Moderate
Grand Junction,No rain,No snow,29-Jan,21:00,Temp_Cool,Humidity_Moderate,Pressure_Normal,Wind_Calm,Visibility_Moderate
Grand Junction,No rain,No snow,30-Jan,0:00,Temp_Cool,Humidity_Moderate,Pressure_Normal,Wind_Calm,Visibility_Moderate
Grand Junction,No rain,No snow,30-Jan,3:00,Temp_Cool,Humidity_Moderate,Pressure_Normal,Wind_Calm,Visibility_Moderate
Grand Junction,No rain,No snow,30-Jan,6:00,Temp_Cool,Humidity_Moderate,Pressure_Normal,Wind_Calm,Visibility_Moderate
Grand Junction,No rain,No snow,30-Jan,9:00,Temp_Cool,Humidity_Moderate,Pressure_Normal,Wind_Calm,Visibility_Moderate
Grand Junction,No rain,No snow,30-Jan,12:00,Temp_Cool,Humidity_Moderate,Pressure_Normal,Wind_Calm,Visibility_Moderate
Grand Junction,No rain,No snow,30-Jan,15:00,Temp_Cool,Humidity_Moderate,Pressure_Normal,Wind_Calm,Visibility_Moderate
Grand Junction,No rain,No snow,30-Jan,18:00,Temp_Cool,Humidity_Moderate,Pressure_Normal,Wind_Calm,Visibility_Moderate
Grand Junction,No rain,No snow,30-Jan,21:00,Temp_Cool,Humidity_Moderate,Pressure_Normal,Wind_Calm,Visibility_Moderate
Grand Junction,No rain,No snow,31-Jan,0:00,Temp_Cool,Humidity_Moderate,Pressure_Normal,Wind_Calm,Visibility_Moderate
Grand Junction,No rain,No snow,31-Jan,3:00,Temp_Cool,Humidity_Moderate,Pressure_Normal,Wind_Calm,Visibility_Moderate
Grand Junction,No rain,No snow,31-Jan,6:00,Temp_Cool,Humidity_Moderate,Pressure_Normal,Wind_Calm,Visibility_Moderate
Grand Junction,No rain,No snow,31-Jan,9:00,Temp_Cool,Humidity_Moderate,Pressure_Normal,Wind_Calm,Visibility_Moderate
Grand Junction,No rain,No snow,31-Jan,12:00,Temp_Cool,Humidity_Moderate,Pressure_Normal,Wind_Calm,Visibility_Moderate
Grand Junction,No rain,No snow,31-Jan,15:00,Temp_Cool,Humidity_Moderate,Pressure_High,Wind_Calm,Visibility_Moderate
Grand Junction,No rain,No snow,31-Jan,18:00,Temp_Cool,Humidity_Moderate,Pressure_High,Wind_Calm,Visibility_Moderate
Grand Junction,No rain,No snow,31-Jan,21:00,Temp_Cool,Humidity_Moderate,Pressure_Normal,Wind_Calm,Visibility_Moderate
Pueblo,No rain,No snow,27-Jan,0:00,Temp_Cold,Humidity_Moderate,Pressure_High,Wind_Calm,Visibility_Moderate
Pueblo,No rain,No snow,27-Jan,3:00,Temp_Cold,Humidity_High,Pressure_High,Wind_Calm,Visibility_Moderate
Pueblo,No rain,No snow,27-Jan,6:00,Temp_Cold,Humidity_High,Pressure_High,Wind_Calm,Visibility_Moderate
Pueblo,No rain,No snow,27-Jan,9:00,Temp_Cold,Humidity_High,Pressure_High,Wind_Calm,Visibility_Moderate
Pueblo,No rain,No snow,27-Jan,12:00,Temp_Cold,Humidity_High,Pressure_High,Wind_Calm,Visibility_Moderate
Pueblo,No rain,No snow,27-Jan,15:00,Temp_Cold,Humidity_High,Pressure_High,Wind_Calm,Visibility_Moderate
Pueblo,No rain,No snow,27-Jan,18:00,Temp_Cool,Humidity_Moderate,Pressure_High,Wind_Calm,Visibility_Moderate
Pueblo,No rain,No snow,27-Jan,21:00,Temp_Cool,Humidity_Moderate,Pressure_Normal,Wind_Calm,Visibility_Moderate
Pueblo,No rain,No snow,28-Jan,0:00,Temp_Cool,Humidity_Moderate,Pressure_Normal,Wind_Calm,Visibility_Moderate
Pueblo,No rain,No snow,28-Jan,3:00,Temp_Cold,Humidity_Moderate,Pressure_Normal,Wind_Calm,Visibility_Moderate
Pueblo,No rain,No snow,28-Jan,6:00,Temp_Cold,Humidity_Moderate,Pressure_High,Wind_Calm,Visibility_Moderate
Pueblo,No rain,No snow,28-Jan,9:00,Temp_Cold,Humidity_Moderate,Pressure_High,Wind_Calm,Visibility_Moderate
Pueblo,No rain,No snow,28-Jan,12:00,Temp_Cold,Humidity_Moderate,Pressure_High,Wind_Calm,Visibility_Moderate
Pueblo,No rain,No snow,28-Jan,15:00,Temp_Cold,Humidity_Moderate,Pressure_High,Wind_Calm,Visibility_Moderate
Pueblo,No rain,No snow,28-Jan,18:00,Temp_Cool,Humidity_Moderate,Pressure_Normal,Wind_Calm,Visibility_Moderate
Pueblo,No rain,No snow,28-Jan,21:00,Temp_Cool,Humidity_Moderate,Pressure_Normal,Wind_Calm,Visibility_Moderate
Pueblo,No rain,No snow,29-Jan,0:00,Temp_Cool,Humidity_Moderate,Pressure_Normal,Wind_Calm,Visibility_Moderate
Pueblo,No rain,No snow,29-Jan,3:00,Temp_Cool,Humidity_Moderate,Pressure_Normal,Wind_Calm,Visibility_Moderate
Pueblo,No rain,No snow,29-Jan,6:00,Temp_Cool,Humidity_Moderate,Pressure_High,Wind_Calm,Visibility_Moderate
Pueblo,No rain,No snow,29-Jan,9:00,Temp_Cool,Humidity_Moderate,Pressure_High,Wind_Calm,Visibility_Moderate
Pueblo,No rain,No snow,29-Jan,12:00,Temp_Cold,Humidity_Moderate,Pressure_High,Wind_Calm,Visibility_Moderate
Pueblo,No rain,No snow,29-Jan,15:00,Temp_Cold,Humidity_Moderate,Pressure_High,Wind_Calm,Visibility_Moderate
Pueblo,No rain,No snow,29-Jan,18:00,Temp_Cool,Humidity_Moderate,Pressure_High,Wind_Calm,Visibility_Moderate
Pueblo,No rain,No snow,29-Jan,21:00,Temp_Cool,Humidity_Moderate,Pressure_Normal,Wind_Calm,Visibility_Moderate
Pueblo,No rain,No snow,30-Jan,0:00,Temp_Cool,Humidity_Moderate,Pressure_Normal,Wind_Calm,Visibility_Moderate
Pueblo,No rain,Snow,30-Jan,3:00,Temp_Cool,Humidity_High,Pressure_High,Wind_Calm,Visibility_Moderate
Pueblo,No rain,No snow,30-Jan,6:00,Temp_Cool,Humidity_High,Pressure_High,Wind_Calm,Visibility_Moderate
Pueblo,No rain,No snow,30-Jan,9:00,Temp_Cold,Humidity_High,Pressure_High,Wind_Calm,Visibility_Moderate
Pueblo,No rain,No snow,30-Jan,12:00,Temp_Cold,Humidity_High,Pressure_Normal,Wind_Calm,Visibility_Moderate
Pueblo,No rain,No snow,30-Jan,15:00,Temp_Cold,Humidity_High,Pressure_Normal,Wind_Calm,Visibility_Moderate
Pueblo,No rain,Snow,30-Jan,18:00,Temp_Cool,Humidity_High,Pressure_Normal,Wind_Calm,Visibility_Moderate
Pueblo,No rain,Snow,30-Jan,21:00,Temp_Cool,Humidity_High,Pressure_Normal,Wind_Calm,Visibility_Low
Pueblo,No rain,Snow,31-Jan,0:00,Temp_Cool,Humidity_High,Pressure_Normal,Wind_Calm,Visibility_Low
Pueblo,No rain,Snow,31-Jan,3:00,Temp_Cool,Humidity_High,Pressure_Normal,Wind_Moderate,Visibility_Low
Pueblo,No rain,Snow,31-Jan,6:00,Temp_Cool,Humidity_High,Pressure_Normal,Wind_Calm,Visibility_Low
Pueblo,No rain,Snow,31-Jan,9:00,Temp_Cool,Humidity_High,Pressure_Normal,Wind_Calm,Visibility_Moderate
Pueblo,No rain,Snow,31-Jan,12:00,Temp_Cool,Humidity_High,Pressure_Normal,Wind_Calm,Visibility_Moderate
Pueblo,No rain,Snow,31-Jan,15:00,Temp_Cool,Humidity_High,Pressure_Normal,Wind_Calm,Visibility_Moderate
Pueblo,No rain,No snow,31-Jan,18:00,Temp_Cool,Humidity_High,Pressure_Normal,Wind_Moderate,Visibility_Moderate
Pueblo,No rain,No snow,31-Jan,21:00,Temp_Cool,Humidity_High,Pressure_Normal,Wind_Calm,Visibility_Moderate
Greeley,No rain,No snow,27-Jan,0:00,Temp_Cold,Humidity_High,Pressure_High,Wind_Calm,Visibility_Moderate
Greeley,No rain,No snow,27-Jan,3:00,Temp_Cold,Humidity_High,Pressure_High,Wind_Calm,Visibility_Moderate
Greeley,No rain,No snow,27-Jan,6:00,Temp_Cold,Humidity_High,Pressure_High,Wind_Calm,Visibility_Moderate
Greeley,No rain,No snow,27-Jan,9:00,Temp_Cold,Humidity_High,Pressure_High,Wind_Calm,Visibility_Moderate
Greeley,No rain,No snow,27-Jan,12:00,Temp_Cold,Humidity_High,Pressure_High,Wind_Calm,Visibility_Moderate
Greeley,No rain,No snow,27-Jan,15:00,Temp_Cold,Humidity_High,Pressure_High,Wind_Calm,Visibility_Moderate
Greeley,No rain,No snow,27-Jan,18:00,Temp_Cold,Humidity_Moderate,Pressure_High,Wind_Calm,Visibility_Moderate
Greeley,No rain,No snow,27-Jan,21:00,Temp_Cool,Humidity_Moderate,Pressure_Normal,Wind_Calm,Visibility_Moderate
Greeley,No rain,No snow,28-Jan,0:00,Temp_Cold,Humidity_High,Pressure_Normal,Wind_Calm,Visibility_Moderate
Greeley,No rain,No snow,28-Jan,3:00,Temp_Cold,Humidity_High,Pressure_High,Wind_Calm,Visibility_Moderate
Greeley,No rain,No snow,28-Jan,6:00,Temp_Cold,Humidity_High,Pressure_High,Wind_Calm,Visibility_Moderate
Greeley,No rain,No snow,28-Jan,9:00,Temp_Cold,Humidity_High,Pressure_High,Wind_Calm,Visibility_Moderate
Greeley,No rain,No snow,28-Jan,12:00,Temp_Cold,Humidity_High,Pressure_High,Wind_Calm,Visibility_Moderate
Greeley,No rain,No snow,28-Jan,15:00,Temp_Cold,Humidity_High,Pressure_High,Wind_Calm,Visibility_Moderate
Greeley,No rain,No snow,28-Jan,18:00,Temp_Cool,Humidity_Moderate,Pressure_Normal,Wind_Calm,Visibility_Moderate
Greeley,No rain,No snow,28-Jan,21:00,Temp_Cool,Humidity_Moderate,Pressure_Normal,Wind_Calm,Visibility_Moderate
Greeley,No rain,No snow,29-Jan,0:00,Temp_Cool,Humidity_Moderate,Pressure_Normal,Wind_Calm,Visibility_Moderate
Greeley,No rain,No snow,29-Jan,3:00,Temp_Cool,Humidity_Moderate,Pressure_Normal,Wind_Calm,Visibility_Moderate
Greeley,No rain,No snow,29-Jan,6:00,Temp_Cold,Humidity_Moderate,Pressure_High,Wind_Calm,Visibility_Moderate
Greeley,No rain,No snow,29-Jan,9:00,Temp_Cold,Humidity_Moderate,Pressure_High,Wind_Calm,Visibility_Moderate
Greeley,No rain,No snow,29-Jan,12:00,Temp_Cold,Humidity_Moderate,Pressure_High,Wind_Calm,Visibility_Moderate
Greeley,No rain,No snow,29-Jan,15:00,Temp_Cold,Humidity_Moderate,Pressure_High,Wind_Calm,Visibility_Moderate
Greeley,No rain,No snow,29-Jan,18:00,Temp_Cool,Humidity_Moderate,Pressure_High,Wind_Calm,Visibility_Moderate
Greeley,No rain,No snow,29-Jan,21:00,Temp_Cool,Humidity_Moderate,Pressure_Normal,Wind_Calm,Visibility_Moderate
Greeley,No rain,No snow,30-Jan,0:00,Temp_Cool,Humidity_Moderate,Pressure_Normal,Wind_Calm,Visibility_Moderate
Greeley,No rain,No snow,30-Jan,3:00,Temp_Cool,Humidity_Moderate,Pressure_High,Wind_Calm,Visibility_Moderate
Greeley,No rain,No snow,30-Jan,6:00,Temp_Cold,Humidity_Moderate,Pressure_Normal,Wind_Calm,Visibility_Moderate
Greeley,No rain,No snow,30-Jan,9:00,Temp_Cold,Humidity_Moderate,Pressure_Normal,Wind_Calm,Visibility_Moderate
Greeley,No rain,No snow,30-Jan,12:00,Temp_Cold,Humidity_Moderate,Pressure_Normal,Wind_Calm,Visibility_Moderate
Greeley,No rain,No snow,30-Jan,15:00,Temp_Cold,Humidity_Moderate,Pressure_Normal,Wind_Calm,Visibility_Moderate
Greeley,No rain,No snow,30-Jan,18:00,Temp_Cool,Humidity_Moderate,Pressure_Normal,Wind_Calm,Visibility_Moderate
Greeley,No rain,No snow,30-Jan,21:00,Temp_Cool,Humidity_Moderate,Pressure_Normal,Wind_Calm,Visibility_Moderate
Greeley,No rain,No snow,31-Jan,0:00,Temp_Cool,Humidity_Moderate,Pressure_Normal,Wind_Calm,Visibility_Moderate
Greeley,No rain,No snow,31-Jan,3:00,Temp_Cool,Humidity_Moderate,Pressure_Normal,Wind_Calm,Visibility_Moderate
Greeley,No rain,No snow,31-Jan,6:00,Temp_Cool,Humidity_Moderate,Pressure_Normal,Wind_Calm,Visibility_Moderate
Greeley,Rain,No snow,31-Jan,9:00,Temp_Cool,Humidity_Moderate,Pressure_Normal,Wind_Calm,Visibility_Moderate
Greeley,No rain,No snow,31-Jan,12:00,Temp_Cool,Humidity_Moderate,Pressure_Normal,Wind_Calm,Visibility_Moderate
Greeley,No rain,No snow,31-Jan,15:00,Temp_Cool,Humidity_Moderate,Pressure_Normal,Wind_Calm,Visibility_Moderate
Greeley,No rain,No snow,31-Jan,18:00,Temp_Cool,Humidity_Low,Pressure_Normal,Wind_Calm,Visibility_Moderate
Greeley,No rain,No snow,31-Jan,21:00,Temp_Cool,Humidity_Low,Pressure_Normal,Wind_Calm,Visibility_Moderate
Lakewood,No rain,No snow,27-Jan,0:00,Temp_Cold,Humidity_High,Pressure_High,Wind_Calm,Visibility_Moderate
Lakewood,No rain,No snow,27-Jan,3:00,Temp_Cold,Humidity_High,Pressure_High,Wind_Calm,Visibility_Moderate
Lakewood,No rain,No snow,27-Jan,6:00,Temp_Cold,Humidity_High,Pressure_High,Wind_Calm,Visibility_Moderate
Lakewood,No rain,No snow,27-Jan,9:00,Temp_Cold,Humidity_High,Pressure_High,Wind_Calm,Visibility_Moderate
Lakewood,No rain,No snow,27-Jan,12:00,Temp_Cold,Humidity_High,Pressure_High,Wind_Calm,Visibility_Moderate
Lakewood,No rain,No snow,27-Jan,15:00,Temp_Cold,Humidity_High,Pressure_High,Wind_Calm,Visibility_Moderate
Lakewood,No rain,No snow,27-Jan,18:00,Temp_Cool,Humidity_High,Pressure_Normal,Wind_Calm,Visibility_Moderate
Lakewood,No rain,No snow,27-Jan,21:00,Temp_Cool,Humidity_High,Pressure_Normal,Wind_Calm,Visibility_Moderate
Lakewood,No rain,No snow,28-Jan,0:00,Temp_Cold,Humidity_High,Pressure_Normal,Wind_Calm,Visibility_Moderate
Lakewood,No rain,No snow,28-Jan,3:00,Temp_Cold,Humidity_High,Pressure_High,Wind_Calm,Visibility_Moderate
Lakewood,No rain,No snow,28-Jan,6:00,Temp_Cold,Humidity_High,Pressure_High,Wind_Calm,Visibility_Moderate
Lakewood,No rain,No snow,28-Jan,9:00,Temp_Cold,Humidity_High,Pressure_High,Wind_Calm,Visibility_Moderate
Lakewood,No rain,No snow,28-Jan,12:00,Temp_Cold,Humidity_High,Pressure_High,Wind_Calm,Visibility_Moderate
Lakewood,No rain,No snow,28-Jan,15:00,Temp_Cold,Humidity_High,Pressure_High,Wind_Calm,Visibility_Moderate
Lakewood,No rain,No snow,28-Jan,18:00,Temp_Cool,Humidity_Moderate,Pressure_Normal,Wind_Calm,Visibility_Moderate
Lakewood,No rain,No snow,28-Jan,21:00,Temp_Cool,Humidity_Moderate,Pressure_Normal,Wind_Calm,Visibility_Moderate
Lakewood,No rain,No snow,29-Jan,0:00,Temp_Cool,Humidity_Moderate,Pressure_Normal,Wind_Calm,Visibility_Moderate
Lakewood,No rain,No snow,29-Jan,3:00,Temp_Cool,Humidity_Moderate,Pressure_Normal,Wind_Calm,Visibility_Moderate
Lakewood,No rain,No snow,29-Jan,6:00,Temp_Cold,Humidity_Moderate,Pressure_High,Wind_Calm,Visibility_Moderate
Lakewood,No rain,No snow,29-Jan,9:00,Temp_Cold,Humidity_Moderate,Pressure_High,Wind_Calm,Visibility_Moderate
Lakewood,No rain,No snow,29-Jan,12:00,Temp_Cold,Humidity_Moderate,Pressure_High,Wind_Calm,Visibility_Moderate
Lakewood,No rain,No snow,29-Jan,15:00,Temp_Cold,Humidity_Moderate,Pressure_High,Wind_Calm,Visibility_Moderate
Lakewood,No rain,No snow,29-Jan,18:00,Temp_Cool,Humidity_Moderate,Pressure_High,Wind_Calm,Visibility_Moderate
Lakewood,No rain,No snow,29-Jan,21:00,Temp_Cool,Humidity_Moderate,Pressure_Normal,Wind_Calm,Visibility_Moderate
Lakewood,No rain,No snow,30-Jan,0:00,Temp_Cool,Humidity_Moderate,Pressure_Normal,Wind_Calm,Visibility_Moderate
Lakewood,No rain,No snow,30-Jan,3:00,Temp_Cool,Humidity_Moderate,Pressure_Normal,Wind_Calm,Visibility_Moderate
Lakewood,No rain,No snow,30-Jan,6:00,Temp_Cool,Humidity_Moderate,Pressure_Normal,Wind_Calm,Visibility_Moderate
Lakewood,No rain,No snow,30-Jan,9:00,Temp_Cool,Humidity_Moderate,Pressure_Normal,Wind_Calm,Visibility_Moderate
Lakewood,No rain,No snow,30-Jan,12:00,Temp_Cool,Humidity_Moderate,Pressure_Normal,Wind_Calm,Visibility_Moderate
Lakewood,No rain,No snow,30-Jan,15:00,Temp_Cool,Humidity_Moderate,Pressure_Normal,Wind_Calm,Visibility_Moderate
Lakewood,No rain,No snow,30-Jan,18:00,Temp_Cool,Humidity_Moderate,Pressure_Normal,Wind_Calm,Visibility_Moderate
Lakewood,No rain,No snow,30-Jan,21:00,Temp_Cool,Humidity_Moderate,Pressure_Normal,Wind_Calm,Visibility_Moderate
Lakewood,No rain,No snow,31-Jan,0:00,Temp_Cool,Humidity_Moderate,Pressure_Normal,Wind_Calm,Visibility_Moderate
Lakewood,No rain,Snow,31-Jan,3:00,Temp_Cool,Humidity_High,Pressure_Normal,Wind_Calm,Visibility_Low
Lakewood,No rain,Snow,31-Jan,6:00,Temp_Cool,Humidity_High,Pressure_Normal,Wind_Calm,Visibility_Moderate
Lakewood,No rain,Snow,31-Jan,9:00,Temp_Cool,Humidity_High,Pressure_Normal,Wind_Calm,Visibility_Moderate
Lakewood,No rain,Snow,31-Jan,12:00,Temp_Cold,Humidity_High,Pressure_Normal,Wind_Calm,Visibility_Moderate
Lakewood,No rain,No snow,31-Jan,15:00,Temp_Cool,Humidity_High,Pressure_Normal,Wind_Calm,Visibility_Moderate
Lakewood,No rain,No snow,31-Jan,18:00,Temp_Cool,Humidity_High,Pressure_Normal,Wind_Calm,Visibility_Moderate
Lakewood,No rain,No snow,31-Jan,21:00,Temp_Cool,Humidity_Moderate,Pressure_Normal,Wind_Calm,Visibility_Moderate
Thornton,No rain,No snow,27-Jan,0:00,Temp_Cold,Humidity_High,Pressure_High,Wind_Calm,Visibility_Moderate
Thornton,No rain,No snow,27-Jan,3:00,Temp_Cold,Humidity_High,Pressure_High,Wind_Calm,Visibility_Moderate
Thornton,No rain,No snow,27-Jan,6:00,Temp_Cold,Humidity_High,Pressure_High,Wind_Calm,Visibility_Moderate
Thornton,No rain,No snow,27-Jan,9:00,Temp_Cold,Humidity_High,Pressure_High,Wind_Calm,Visibility_Moderate
Thornton,No rain,No snow,27-Jan,12:00,Temp_Cold,Humidity_High,Pressure_High,Wind_Calm,Visibility_Moderate
Thornton,No rain,No snow,27-Jan,15:00,Temp_Cold,Humidity_High,Pressure_High,Wind_Calm,Visibility_Moderate
Thornton,No rain,No snow,27-Jan,18:00,Temp_Cool,Humidity_High,Pressure_High,Wind_Calm,Visibility_Moderate
Thornton,No rain,No snow,27-Jan,21:00,Temp_Cool,Humidity_High,Pressure_Normal,Wind_Calm,Visibility_Moderate
Thornton,No rain,No snow,28-Jan,0:00,Temp_Cold,Humidity_High,Pressure_Normal,Wind_Calm,Visibility_Moderate
Thornton,No rain,No snow,28-Jan,3:00,Temp_Cold,Humidity_High,Pressure_High,Wind_Calm,Visibility_Moderate
Thornton,No rain,No snow,28-Jan,6:00,Temp_Cold,Humidity_High,Pressure_High,Wind_Calm,Visibility_Moderate
Thornton,No rain,No snow,28-Jan,9:00,Temp_Cold,Humidity_High,Pressure_High,Wind_Calm,Visibility_Moderate
Thornton,No rain,No snow,28-Jan,12:00,Temp_Cold,Humidity_High,Pressure_High,Wind_Calm,Visibility_Moderate
Thornton,No rain,No snow,28-Jan,15:00,Temp_Cold,Humidity_High,Pressure_High,Wind_Calm,Visibility_Moderate
Thornton,No rain,No snow,28-Jan,18:00,Temp_Cool,Humidity_Moderate,Pressure_Normal,Wind_Calm,Visibility_Moderate
Thornton,No rain,No snow,28-Jan,21:00,Temp_Cool,Humidity_Moderate,Pressure_Normal,Wind_Calm,Visibility_Moderate
Thornton,No rain,No snow,29-Jan,0:00,Temp_Cool,Humidity_Moderate,Pressure_Normal,Wind_Calm,Visibility_Moderate
Thornton,No rain,No snow,29-Jan,3:00,Temp_Cold,Humidity_Moderate,Pressure_High,Wind_Calm,Visibility_Moderate
Thornton,No rain,No snow,29-Jan,6:00,Temp_Cold,Humidity_Moderate,Pressure_High,Wind_Calm,Visibility_Moderate
Thornton,No rain,No snow,29-Jan,9:00,Temp_Cold,Humidity_Moderate,Pressure_High,Wind_Calm,Visibility_Moderate
Thornton,No rain,No snow,29-Jan,12:00,Temp_Cold,Humidity_Moderate,Pressure_High,Wind_Calm,Visibility_Moderate
Thornton,No rain,No snow,29-Jan,15:00,Temp_Cold,Humidity_Moderate,Pressure_High,Wind_Calm,Visibility_Moderate
Thornton,No rain,No snow,29-Jan,18:00,Temp_Cool,Humidity_Moderate,Pressure_High,Wind_Calm,Visibility_Moderate
Thornton,No rain,No snow,29-Jan,21:00,Temp_Cool,Humidity_Moderate,Pressure_Normal,Wind_Calm,Visibility_Moderate
Thornton,No rain,No snow,30-Jan,0:00,Temp_Cool,Humidity_Moderate,Pressure_Normal,Wind_Calm,Visibility_Moderate
Thornton,No rain,No snow,30-Jan,3:00,Temp_Cool,Humidity_Moderate,Pressure_Normal,Wind_Calm,Visibility_Moderate
Thornton,No rain,No snow,30-Jan,6:00,Temp_Cool,Humidity_Moderate,Pressure_Normal,Wind_Calm,Visibility_Moderate
Thornton,No rain,No snow,30-Jan,9:00,Temp_Cool,Humidity_Moderate,Pressure_Normal,Wind_Calm,Visibility_Moderate
Thornton,No rain,No snow,30-Jan,12:00,Temp_Cold,Humidity_Moderate,Pressure_Normal,Wind_Calm,Visibility_Moderate
Thornton,No rain,No snow,30-Jan,15:00,Temp_Cold,Humidity_Moderate,Pressure_Normal,Wind_Calm,Visibility_Moderate
Thornton,No rain,No snow,30-Jan,18:00,Temp_Cool,Humidity_Moderate,Pressure_Normal,Wind_Calm,Visibility_Moderate
Thornton,No rain,No snow,30-Jan,21:00,Temp_Cool,Humidity_Moderate,Pressure_Normal,Wind_Calm,Visibility_Moderate
Thornton,No rain,No snow,31-Jan,0:00,Temp_Cool,Humidity_Moderate,Pressure_Normal,Wind_Calm,Visibility_Moderate
Thornton,No rain,Snow,31-Jan,3:00,Temp_Cool,Humidity_High,Pressure_Normal,Wind_Calm,Visibility_Moderate
Thornton,No rain,Snow,31-Jan,6:00,Temp_Cool,Humidity_High,Pressure_Normal,Wind_Calm,Visibility_Moderate
Thornton,No rain,Snow,31-Jan,9:00,Temp_Cool,Humidity_High,Pressure_Normal,Wind_Calm,Visibility_Moderate
Thornton,No rain,Snow,31-Jan,12:00,Temp_Cold,Humidity_High,Pressure_Normal,Wind_Calm,Visibility_Moderate
Thornton,No rain,No snow,31-Jan,15:00,Temp_Cool,Humidity_High,Pressure_Normal,Wind_Calm,Visibility_Moderate
Thornton,No rain,No snow,31-Jan,18:00,Temp_Cool,Humidity_Moderate,Pressure_Normal,Wind_Calm,Visibility_Moderate
Thornton,No rain,No snow,31-Jan,21:00,Temp_Cool,Humidity_Moderate,Pressure_Normal,Wind_Calm,Visibility_Moderate
Arvada,No rain,No snow,27-Jan,0:00,Temp_Cold,Humidity_High,Pressure_High,Wind_Calm,Visibility_Moderate
Arvada,No rain,No snow,27-Jan,3:00,Temp_Cold,Humidity_High,Pressure_High,Wind_Calm,Visibility_Moderate
Arvada,No rain,No snow,27-Jan,6:00,Temp_Cold,Humidity_High,Pressure_High,Wind_Calm,Visibility_Moderate
Arvada,No rain,No snow,27-Jan,9:00,Temp_Cold,Humidity_High,Pressure_High,Wind_Calm,Visibility_Moderate
Arvada,No rain,No snow,27-Jan,12:00,Temp_Cold,Humidity_High,Pressure_High,Wind_Calm,Visibility_Moderate
Arvada,No rain,No snow,27-Jan,15:00,Temp_Cold,Humidity_High,Pressure_High,Wind_Calm,Visibility_Moderate
Arvada,No rain,No snow,27-Jan,18:00,Temp_Cool,Humidity_High,Pressure_Normal,Wind_Calm,Visibility_Moderate
Arvada,No rain,No snow,27-Jan,21:00,Temp_Cool,Humidity_High,Pressure_Normal,Wind_Calm,Visibility_Moderate
Arvada,No rain,No snow,28-Jan,0:00,Temp_Cold,Humidity_High,Pressure_Normal,Wind_Calm,Visibility_Low
Arvada,No rain,No snow,28-Jan,3:00,Temp_Cold,Humidity_High,Pressure_High,Wind_Calm,Visibility_Moderate
Arvada,No rain,No snow,28-Jan,6:00,Temp_Cold,Humidity_High,Pressure_High,Wind_Calm,Visibility_Moderate
Arvada,No rain,No snow,28-Jan,9:00,Temp_Cold,Humidity_High,Pressure_High,Wind_Calm,Visibility_Moderate
Arvada,No rain,No snow,28-Jan,12:00,Temp_Cold,Humidity_High,Pressure_High,Wind_Calm,Visibility_Moderate
Arvada,No rain,No snow,28-Jan,15:00,Temp_Cold,Humidity_High,Pressure_High,Wind_Calm,Visibility_Moderate
Arvada,No rain,No snow,28-Jan,18:00,Temp_Cool,Humidity_Moderate,Pressure_Normal,Wind_Calm,Visibility_Moderate
Arvada,No rain,No snow,28-Jan,21:00,Temp_Cool,Humidity_Moderate,Pressure_Normal,Wind_Calm,Visibility_Moderate
Arvada,No rain,No snow,29-Jan,0:00,Temp_Cool,Humidity_Moderate,Pressure_Normal,Wind_Calm,Visibility_Moderate
Arvada,No rain,No snow,29-Jan,3:00,Temp_Cool,Humidity_Moderate,Pressure_Normal,Wind_Calm,Visibility_Moderate
Arvada,No rain,No snow,29-Jan,6:00,Temp_Cold,Humidity_Moderate,Pressure_High,Wind_Calm,Visibility_Moderate
Arvada,No rain,No snow,29-Jan,9:00,Temp_Cold,Humidity_Moderate,Pressure_High,Wind_Calm,Visibility_Moderate
Arvada,No rain,No snow,29-Jan,12:00,Temp_Cold,Humidity_Moderate,Pressure_High,Wind_Calm,Visibility_Moderate
Arvada,No rain,No snow,29-Jan,15:00,Temp_Cold,Humidity_Moderate,Pressure_High,Wind_Calm,Visibility_Moderate
Arvada,No rain,No snow,29-Jan,18:00,Temp_Cool,Humidity_Moderate,Pressure_High,Wind_Calm,Visibility_Moderate
Arvada,No rain,No snow,29-Jan,21:00,Temp_Cool,Humidity_Moderate,Pressure_Normal,Wind_Calm,Visibility_Moderate
Arvada,No rain,No snow,30-Jan,0:00,Temp_Cool,Humidity_Moderate,Pressure_Normal,Wind_Calm,Visibility_Moderate
Arvada,No rain,No snow,30-Jan,3:00,Temp_Cool,Humidity_Moderate,Pressure_Normal,Wind_Calm,Visibility_Moderate
Arvada,No rain,No snow,30-Jan,6:00,Temp_Cool,Humidity_Moderate,Pressure_Normal,Wind_Calm,Visibility_Moderate
Arvada,No rain,No snow,30-Jan,9:00,Temp_Cool,Humidity_Moderate,Pressure_Normal,Wind_Calm,Visibility_Moderate
Arvada,No rain,No snow,30-Jan,12:00,Temp_Cool,Humidity_Moderate,Pressure_Normal,Wind_Calm,Visibility_Moderate
Arvada,No rain,No snow,30-Jan,15:00,Temp_Cool,Humidity_Moderate,Pressure_Normal,Wind_Calm,Visibility_Moderate
Arvada,No rain,No snow,30-Jan,18:00,Temp_Cool,Humidity_Moderate,Pressure_Normal,Wind_Calm,Visibility_Moderate
Arvada,No rain,No snow,30-Jan,21:00,Temp_Cool,Humidity_Moderate,Pressure_Normal,Wind_Calm,Visibility_Moderate
Arvada,No rain,No snow,31-Jan,0:00,Temp_Cool,Humidity_Moderate,Pressure_Normal,Wind_Calm,Visibility_Moderate
Arvada,No rain,Snow,31-Jan,3:00,Temp_Cool,Humidity_Moderate,Pressure_Normal,Wind_Calm,Visibility_Moderate
Arvada,No rain,Snow,31-Jan,6:00,Temp_Cool,Humidity_High,Pressure_Normal,Wind_Calm,Visibility_Moderate
Arvada,No rain,Snow,31-Jan,9:00,Temp_Cool,Humidity_High,Pressure_Normal,Wind_Calm,Visibility_Moderate
Arvada,No rain,Snow,31-Jan,12:00,Temp_Cool,Humidity_High,Pressure_Normal,Wind_Calm,Visibility_Moderate
Arvada,No rain,No snow,31-Jan,15:00,Temp_Cool,Humidity_High,Pressure_Normal,Wind_Calm,Visibility_Moderate
Arvada,No rain,No snow,31-Jan,18:00,Temp_Cool,Humidity_Moderate,Pressure_Normal,Wind_Calm,Visibility_Moderate
Arvada,No rain,No snow,31-Jan,21:00,Temp_Cool,Humidity_Moderate,Pressure_Normal,Wind_Calm,Visibility_Moderate
Westminster,No rain,No snow,27-Jan,0:00,Temp_Cold,Humidity_High,Pressure_High,Wind_Calm,Visibility_Moderate
Westminster,No rain,No snow,27-Jan,3:00,Temp_Cold,Humidity_High,Pressure_High,Wind_Calm,Visibility_Moderate
Westminster,No rain,No snow,27-Jan,6:00,Temp_Cold,Humidity_High,Pressure_High,Wind_Calm,Visibility_Moderate
Westminster,No rain,No snow,27-Jan,9:00,Temp_Cold,Humidity_High,Pressure_High,Wind_Calm,Visibility_Moderate
Westminster,No rain,No snow,27-Jan,12:00,Temp_Cold,Humidity_High,Pressure_High,Wind_Calm,Visibility_Moderate
Westminster,No rain,No snow,27-Jan,15:00,Temp_Cold,Humidity_High,Pressure_High,Wind_Calm,Visibility_Moderate
Westminster,No rain,No snow,27-Jan,18:00,Temp_Cool,Humidity_High,Pressure_Normal,Wind_Calm,Visibility_Moderate
Westminster,No rain,No snow,27-Jan,21:00,Temp_Cool,Humidity_High,Pressure_Normal,Wind_Calm,Visibility_Moderate
Westminster,No rain,No snow,28-Jan,0:00,Temp_Cold,Humidity_High,Pressure_Normal,Wind_Calm,Visibility_Low
Westminster,No rain,No snow,28-Jan,3:00,Temp_Cold,Humidity_High,Pressure_High,Wind_Calm,Visibility_Moderate
Westminster,No rain,No snow,28-Jan,6:00,Temp_Cold,Humidity_High,Pressure_High,Wind_Calm,Visibility_Moderate
Westminster,No rain,No snow,28-Jan,9:00,Temp_Cold,Humidity_High,Pressure_High,Wind_Calm,Visibility_Moderate
Westminster,No rain,No snow,28-Jan,12:00,Temp_Cold,Humidity_High,Pressure_High,Wind_Calm,Visibility_Moderate
Westminster,No rain,No snow,28-Jan,15:00,Temp_Cold,Humidity_High,Pressure_High,Wind_Calm,Visibility_Moderate
Westminster,No rain,No snow,28-Jan,18:00,Temp_Cool,Humidity_Moderate,Pressure_Normal,Wind_Calm,Visibility_Moderate
Westminster,No rain,No snow,28-Jan,21:00,Temp_Cool,Humidity_Moderate,Pressure_Normal,Wind_Calm,Visibility_Moderate
Westminster,No rain,No snow,29-Jan,0:00,Temp_Cool,Humidity_Moderate,Pressure_Normal,Wind_Calm,Visibility_Moderate
Westminster,No rain,No snow,29-Jan,3:00,Temp_Cool,Humidity_Moderate,Pressure_Normal,Wind_Calm,Visibility_Moderate
Westminster,No rain,No snow,29-Jan,6:00,Temp_Cold,Humidity_Moderate,Pressure_High,Wind_Calm,Visibility_Moderate
Westminster,No rain,No snow,29-Jan,9:00,Temp_Cold,Humidity_Moderate,Pressure_High,Wind_Calm,Visibility_Moderate
Westminster,No rain,No snow,29-Jan,12:00,Temp_Cold,Humidity_Moderate,Pressure_High,Wind_Calm,Visibility_Moderate
Westminster,No rain,No snow,29-Jan,15:00,Temp_Cold,Humidity_Moderate,Pressure_High,Wind_Calm,Visibility_Moderate
Westminster,No rain,No snow,29-Jan,18:00,Temp_Cool,Humidity_Moderate,Pressure_High,Wind_Calm,Visibility_Moderate
Westminster,No rain,No snow,29-Jan,21:00,Temp_Cool,Humidity_Moderate,Pressure_Normal,Wind_Calm,Visibility_Moderate
Westminster,No rain,No snow,30-Jan,0:00,Temp_Cool,Humidity_Moderate,Pressure_Normal,Wind_Calm,Visibility_Moderate
Westminster,No rain,No snow,30-Jan,3:00,Temp_Cool,Humidity_Moderate,Pressure_Normal,Wind_Calm,Visibility_Moderate
Westminster,No rain,No snow,30-Jan,6:00,Temp_Cool,Humidity_Moderate,Pressure_Normal,Wind_Calm,Visibility_Moderate
Westminster,No rain,No snow,30-Jan,9:00,Temp_Cool,Humidity_Moderate,Pressure_Normal,Wind_Calm,Visibility_Moderate
Westminster,No rain,No snow,30-Jan,12:00,Temp_Cool,Humidity_Moderate,Pressure_Normal,Wind_Calm,Visibility_Moderate
Westminster,No rain,No snow,30-Jan,15:00,Temp_Cool,Humidity_Moderate,Pressure_Normal,Wind_Calm,Visibility_Moderate
Westminster,No rain,No snow,30-Jan,18:00,Temp_Cool,Humidity_Moderate,Pressure_Normal,Wind_Calm,Visibility_Moderate
Westminster,No rain,No snow,30-Jan,21:00,Temp_Cool,Humidity_Moderate,Pressure_Normal,Wind_Calm,Visibility_Moderate
Westminster,No rain,No snow,31-Jan,0:00,Temp_Cool,Humidity_Moderate,Pressure_Normal,Wind_Calm,Visibility_Moderate
Westminster,No rain,Snow,31-Jan,3:00,Temp_Cool,Humidity_High,Pressure_Normal,Wind_Calm,Visibility_Moderate
Westminster,No rain,Snow,31-Jan,6:00,Temp_Cool,Humidity_High,Pressure_Normal,Wind_Calm,Visibility_Moderate
Westminster,No rain,Snow,31-Jan,9:00,Temp_Cool,Humidity_High,Pressure_Normal,Wind_Calm,Visibility_Moderate
Westminster,No rain,Snow,31-Jan,12:00,Temp_Cool,Humidity_High,Pressure_Normal,Wind_Calm,Visibility_Moderate
Westminster,No rain,No snow,31-Jan,15:00,Temp_Cool,Humidity_High,Pressure_Normal,Wind_Calm,Visibility_Moderate
Westminster,No rain,No snow,31-Jan,18:00,Temp_Cool,Humidity_Moderate,Pressure_Normal,Wind_Calm,Visibility_Moderate
Westminster,No rain,No snow,31-Jan,21:00,Temp_Cool,Humidity_Moderate,Pressure_Normal,Wind_Calm,Visibility_Moderate
Centennial,No rain,No snow,27-Jan,0:00,Temp_Cold,Humidity_High,Pressure_High,Wind_Calm,Visibility_Moderate
Centennial,No rain,No snow,27-Jan,3:00,Temp_Cold,Humidity_High,Pressure_High,Wind_Calm,Visibility_Moderate
Centennial,No rain,No snow,27-Jan,6:00,Temp_Cold,Humidity_High,Pressure_High,Wind_Calm,Visibility_Moderate
Centennial,No rain,No snow,27-Jan,9:00,Temp_Cold,Humidity_High,Pressure_High,Wind_Calm,Visibility_Moderate
Centennial,No rain,No snow,27-Jan,12:00,Temp_Cold,Humidity_High,Pressure_High,Wind_Calm,Visibility_Moderate
Centennial,No rain,No snow,27-Jan,15:00,Temp_Cold,Humidity_High,Pressure_High,Wind_Calm,Visibility_Moderate
Centennial,No rain,No snow,27-Jan,18:00,Temp_Cool,Humidity_High,Pressure_Normal,Wind_Calm,Visibility_Moderate
Centennial,No rain,No snow,27-Jan,21:00,Temp_Cool,Humidity_High,Pressure_Normal,Wind_Calm,Visibility_Moderate
Centennial,No rain,No snow,28-Jan,0:00,Temp_Cold,Humidity_High,Pressure_Normal,Wind_Calm,Visibility_Moderate
Centennial,No rain,No snow,28-Jan,3:00,Temp_Cold,Humidity_High,Pressure_High,Wind_Calm,Visibility_Moderate
Centennial,No rain,No snow,28-Jan,6:00,Temp_Cold,Humidity_High,Pressure_High,Wind_Calm,Visibility_Moderate
Centennial,No rain,No snow,28-Jan,9:00,Temp_Cold,Humidity_High,Pressure_High,Wind_Calm,Visibility_Moderate
Centennial,No rain,No snow,28-Jan,12:00,Temp_Cold,Humidity_High,Pressure_High,Wind_Calm,Visibility_Moderate
Centennial,No rain,No snow,28-Jan,15:00,Temp_Cold,Humidity_High,Pressure_High,Wind_Calm,Visibility_Moderate
Centennial,No rain,No snow,28-Jan,18:00,Temp_Cool,Humidity_Moderate,Pressure_Normal,Wind_Calm,Visibility_Moderate
Centennial,No rain,No snow,28-Jan,21:00,Temp_Cool,Humidity_Moderate,Pressure_Normal,Wind_Calm,Visibility_Moderate
Centennial,No rain,No snow,29-Jan,0:00,Temp_Cold,Humidity_Moderate,Pressure_Normal,Wind_Calm,Visibility_Moderate
Centennial,No rain,No snow,29-Jan,3:00,Temp_Cold,Humidity_High,Pressure_High,Wind_Calm,Visibility_Moderate
Centennial,No rain,No snow,29-Jan,6:00,Temp_Cold,Humidity_Moderate,Pressure_High,Wind_Calm,Visibility_Moderate
Centennial,No rain,No snow,29-Jan,9:00,Temp_Cold,Humidity_Moderate,Pressure_High,Wind_Calm,Visibility_Moderate
Centennial,No rain,No snow,29-Jan,12:00,Temp_Cold,Humidity_Moderate,Pressure_High,Wind_Calm,Visibility_Moderate
Centennial,No rain,No snow,29-Jan,15:00,Temp_Cold,Humidity_Moderate,Pressure_High,Wind_Calm,Visibility_Moderate
Centennial,No rain,No snow,29-Jan,18:00,Temp_Cool,Humidity_Moderate,Pressure_High,Wind_Calm,Visibility_Moderate
Centennial,No rain,No snow,29-Jan,21:00,Temp_Cool,Humidity_Moderate,Pressure_Normal,Wind_Calm,Visibility_Moderate
Centennial,No rain,No snow,30-Jan,0:00,Temp_Cool,Humidity_Moderate,Pressure_Normal,Wind_Calm,Visibility_Moderate
Centennial,No rain,No snow,30-Jan,3:00,Temp_Cool,Humidity_Moderate,Pressure_Normal,Wind_Calm,Visibility_Moderate
Centennial,No rain,No snow,30-Jan,6:00,Temp_Cool,Humidity_Moderate,Pressure_Normal,Wind_Calm,Visibility_Moderate
Centennial,No rain,No snow,30-Jan,9:00,Temp_Cold,Humidity_Moderate,Pressure_Normal,Wind_Calm,Visibility_Moderate
Centennial,No rain,No snow,30-Jan,12:00,Temp_Cold,Humidity_Moderate,Pressure_Normal,Wind_Calm,Visibility_Moderate
Centennial,No rain,No snow,30-Jan,15:00,Temp_Cold,Humidity_Moderate,Pressure_Normal,Wind_Calm,Visibility_Moderate
Centennial,No rain,No snow,30-Jan,18:00,Temp_Cool,Humidity_Moderate,Pressure_Normal,Wind_Calm,Visibility_Moderate
Centennial,No rain,No snow,30-Jan,21:00,Temp_Cool,Humidity_Moderate,Pressure_Normal,Wind_Calm,Visibility_Moderate
Centennial,No rain,No snow,31-Jan,0:00,Temp_Cool,Humidity_Moderate,Pressure_Normal,Wind_Calm,Visibility_Moderate
Centennial,No rain,Snow,31-Jan,3:00,Temp_Cold,Humidity_High,Pressure_Normal,Wind_Calm,Visibility_Moderate
Centennial,No rain,Snow,31-Jan,6:00,Temp_Cold,Humidity_High,Pressure_Normal,Wind_Calm,Visibility_Moderate
Centennial,No rain,Snow,31-Jan,9:00,Temp_Cold,Humidity_High,Pressure_Normal,Wind_Calm,Visibility_Low
Centennial,No rain,Snow,31-Jan,12:00,Temp_Cold,Humidity_High,Pressure_Normal,Wind_Calm,Visibility_Moderate
Centennial,No rain,No snow,31-Jan,15:00,Temp_Cold,Humidity_High,Pressure_Normal,Wind_Calm,Visibility_Moderate
Centennial,No rain,No snow,31-Jan,18:00,Temp_Cool,Humidity_High,Pressure_Normal,Wind_Calm,Visibility_Moderate
Centennial,No rain,No snow,31-Jan,21:00,Temp_Cool,Humidity_High,Pressure_Normal,Wind_Calm,Visibility_Moderate
Loveland,No rain,No snow,27-Jan,0:00,Temp_Cold,Humidity_High,Pressure_High,Wind_Calm,Visibility_Moderate
Loveland,No rain,No snow,27-Jan,3:00,Temp_Cold,Humidity_High,Pressure_High,Wind_Calm,Visibility_Moderate
Loveland,No rain,No snow,27-Jan,6:00,Temp_Cold,Humidity_High,Pressure_High,Wind_Calm,Visibility_Moderate
Loveland,No rain,No snow,27-Jan,9:00,Temp_Cold,Humidity_High,Pressure_High,Wind_Calm,Visibility_Moderate
Loveland,No rain,No snow,27-Jan,12:00,Temp_Cold,Humidity_High,Pressure_High,Wind_Calm,Visibility_Moderate
Loveland,No rain,No snow,27-Jan,15:00,Temp_Cold,Humidity_High,Pressure_High,Wind_Calm,Visibility_Moderate
Loveland,No rain,No snow,27-Jan,18:00,Temp_Cool,Humidity_High,Pressure_High,Wind_Calm,Visibility_Moderate
Loveland,No rain,No snow,27-Jan,21:00,Temp_Cool,Humidity_High,Pressure_Normal,Wind_Calm,Visibility_Moderate
Loveland,No rain,No snow,28-Jan,0:00,Temp_Cold,Humidity_High,Pressure_Normal,Wind_Calm,Visibility_Moderate
Loveland,No rain,No snow,28-Jan,3:00,Temp_Cold,Humidity_High,Pressure_High,Wind_Calm,Visibility_Moderate
Loveland,No rain,No snow,28-Jan,6:00,Temp_Cold,Humidity_High,Pressure_High,Wind_Calm,Visibility_Moderate
Loveland,No rain,No snow,28-Jan,9:00,Temp_Cold,Humidity_High,Pressure_High,Wind_Calm,Visibility_Moderate
Loveland,No rain,No snow,28-Jan,12:00,Temp_Cold,Humidity_High,Pressure_High,Wind_Calm,Visibility_Moderate
Loveland,No rain,No snow,28-Jan,15:00,Temp_Cold,Humidity_High,Pressure_High,Wind_Calm,Visibility_Moderate
Loveland,No rain,No snow,28-Jan,18:00,Temp_Cool,Humidity_Moderate,Pressure_Normal,Wind_Calm,Visibility_Moderate
Loveland,No rain,No snow,28-Jan,21:00,Temp_Cool,Humidity_Moderate,Pressure_Normal,Wind_Calm,Visibility_Moderate
Loveland,No rain,No snow,29-Jan,0:00,Temp_Cool,Humidity_High,Pressure_Normal,Wind_Calm,Visibility_Moderate
Loveland,No rain,No snow,29-Jan,3:00,Temp_Cold,Humidity_High,Pressure_High,Wind_Calm,Visibility_Moderate
Loveland,No rain,No snow,29-Jan,6:00,Temp_Cold,Humidity_High,Pressure_High,Wind_Calm,Visibility_Moderate
Loveland,No rain,No snow,29-Jan,9:00,Temp_Cold,Humidity_High,Pressure_High,Wind_Calm,Visibility_Moderate
Loveland,No rain,No snow,29-Jan,12:00,Temp_Cold,Humidity_High,Pressure_High,Wind_Calm,Visibility_Moderate
Loveland,No rain,No snow,29-Jan,15:00,Temp_Cold,Humidity_High,Pressure_High,Wind_Calm,Visibility_Moderate
Loveland,No rain,No snow,29-Jan,18:00,Temp_Cool,Humidity_Moderate,Pressure_High,Wind_Calm,Visibility_Moderate
Loveland,No rain,No snow,29-Jan,21:00,Temp_Cool,Humidity_Moderate,Pressure_Normal,Wind_Calm,Visibility_Moderate
Loveland,No rain,No snow,30-Jan,0:00,Temp_Cool,Humidity_Moderate,Pressure_Normal,Wind_Calm,Visibility_Moderate
Loveland,No rain,No snow,30-Jan,3:00,Temp_Cool,Humidity_Moderate,Pressure_Normal,Wind_Calm,Visibility_Moderate
Loveland,No rain,No snow,30-Jan,6:00,Temp_Cold,Humidity_Moderate,Pressure_Normal,Wind_Calm,Visibility_Moderate
Loveland,No rain,No snow,30-Jan,9:00,Temp_Cold,Humidity_Moderate,Pressure_Normal,Wind_Calm,Visibility_Moderate
Loveland,No rain,No snow,30-Jan,12:00,Temp_Cold,Humidity_Moderate,Pressure_Normal,Wind_Calm,Visibility_Moderate
Loveland,No rain,No snow,30-Jan,15:00,Temp_Cold,Humidity_Moderate,Pressure_Normal,Wind_Calm,Visibility_Moderate
Loveland,No rain,No snow,30-Jan,18:00,Temp_Cool,Humidity_Moderate,Pressure_Normal,Wind_Calm,Visibility_Moderate
Loveland,No rain,No snow,30-Jan,21:00,Temp_Cool,Humidity_Moderate,Pressure_Normal,Wind_Calm,Visibility_Moderate
Loveland,No rain,No snow,31-Jan,0:00,Temp_Cool,Humidity_Moderate,Pressure_Normal,Wind_Calm,Visibility_Moderate
Loveland,No rain,No snow,31-Jan,3:00,Temp_Cool,Humidity_Moderate,Pressure_Normal,Wind_Calm,Visibility_Moderate
Loveland,No rain,No snow,31-Jan,6:00,Temp_Cool,Humidity_Moderate,Pressure_Normal,Wind_Calm,Visibility_Moderate
Loveland,No rain,No snow,31-Jan,9:00,Temp_Cool,Humidity_Moderate,Pressure_Normal,Wind_Calm,Visibility_Moderate
Loveland,No rain,No snow,31-Jan,12:00,Temp_Cool,Humidity_Moderate,Pressure_Normal,Wind_Calm,Visibility_Moderate
Loveland,No rain,No snow,31-Jan,15:00,Temp_Cool,Humidity_Moderate,Pressure_Normal,Wind_Calm,Visibility_Moderate
Loveland,No rain,No snow,31-Jan,18:00,Temp_Cool,Humidity_Low,Pressure_Normal,Wind_Calm,Visibility_Moderate
Loveland,No rain,No snow,31-Jan,21:00,Temp_Cool,Humidity_Low,Pressure_Normal,Wind_Calm,Visibility_Moderate
Longmont,No rain,No snow,27-Jan,0:00,Temp_Cold,Humidity_High,Pressure_High,Wind_Calm,Visibility_Moderate
Longmont,No rain,No snow,27-Jan,3:00,Temp_Cold,Humidity_High,Pressure_High,Wind_Calm,Visibility_Moderate
Longmont,No rain,No snow,27-Jan,6:00,Temp_Cold,Humidity_High,Pressure_High,Wind_Calm,Visibility_Moderate
Longmont,No rain,No snow,27-Jan,9:00,Temp_Cold,Humidity_High,Pressure_High,Wind_Calm,Visibility_Moderate
Longmont,No rain,No snow,27-Jan,12:00,Temp_Cold,Humidity_High,Pressure_High,Wind_Calm,Visibility_Moderate
Longmont,No rain,No snow,27-Jan,15:00,Temp_Cold,Humidity_High,Pressure_High,Wind_Calm,Visibility_Moderate
Longmont,No rain,No snow,27-Jan,18:00,Temp_Cool,Humidity_High,Pressure_High,Wind_Calm,Visibility_Moderate
Longmont,No rain,No snow,27-Jan,21:00,Temp_Cool,Humidity_High,Pressure_Normal,Wind_Calm,Visibility_Moderate
Longmont,No rain,No snow,28-Jan,0:00,Temp_Cold,Humidity_High,Pressure_Normal,Wind_Calm,Visibility_Moderate
Longmont,No rain,No snow,28-Jan,3:00,Temp_Cold,Humidity_High,Pressure_High,Wind_Calm,Visibility_Moderate
Longmont,No rain,No snow,28-Jan,6:00,Temp_Cold,Humidity_High,Pressure_High,Wind_Calm,Visibility_Moderate
Longmont,No rain,No snow,28-Jan,9:00,Temp_Cold,Humidity_High,Pressure_High,Wind_Calm,Visibility_Moderate
Longmont,No rain,No snow,28-Jan,12:00,Temp_Cold,Humidity_Moderate,Pressure_High,Wind_Calm,Visibility_Moderate
Longmont,No rain,No snow,28-Jan,15:00,Temp_Cold,Humidity_Moderate,Pressure_High,Wind_Calm,Visibility_Moderate
Longmont,No rain,No snow,28-Jan,18:00,Temp_Cool,Humidity_Moderate,Pressure_Normal,Wind_Calm,Visibility_Moderate
Longmont,No rain,No snow,28-Jan,21:00,Temp_Cool,Humidity_Moderate,Pressure_Normal,Wind_Calm,Visibility_Moderate
Longmont,No rain,No snow,29-Jan,0:00,Temp_Cold,Humidity_High,Pressure_Normal,Wind_Calm,Visibility_Moderate
Longmont,No rain,No snow,29-Jan,3:00,Temp_Cold,Humidity_High,Pressure_High,Wind_Calm,Visibility_Moderate
Longmont,No rain,No snow,29-Jan,6:00,Temp_Cold,Humidity_High,Pressure_High,Wind_Calm,Visibility_Moderate
Longmont,No rain,No snow,29-Jan,9:00,Temp_Cold,Humidity_High,Pressure_High,Wind_Calm,Visibility_Moderate
Longmont,No rain,No snow,29-Jan,12:00,Temp_Cold,Humidity_High,Pressure_High,Wind_Calm,Visibility_Moderate
Longmont,No rain,No snow,29-Jan,15:00,Temp_Cold,Humidity_High,Pressure_High,Wind_Calm,Visibility_Moderate
Longmont,No rain,No snow,29-Jan,18:00,Temp_Cool,Humidity_Moderate,Pressure_High,Wind_Calm,Visibility_Moderate
Longmont,No rain,No snow,29-Jan,21:00,Temp_Cool,Humidity_Moderate,Pressure_Normal,Wind_Calm,Visibility_Moderate
Longmont,No rain,No snow,30-Jan,0:00,Temp_Cool,Humidity_Moderate,Pressure_Normal,Wind_Calm,Visibility_Moderate
Longmont,No rain,No snow,30-Jan,3:00,Temp_Cool,Humidity_Moderate,Pressure_Normal,Wind_Calm,Visibility_Moderate
Longmont,No rain,No snow,30-Jan,6:00,Temp_Cold,Humidity_Moderate,Pressure_Normal,Wind_Calm,Visibility_Moderate
Longmont,No rain,No snow,30-Jan,9:00,Temp_Cold,Humidity_Moderate,Pressure_Normal,Wind_Calm,Visibility_Moderate
Longmont,No rain,No snow,30-Jan,12:00,Temp_Cold,Humidity_Moderate,Pressure_Normal,Wind_Calm,Visibility_Moderate
Longmont,No rain,No snow,30-Jan,15:00,Temp_Cold,Humidity_Moderate,Pressure_Normal,Wind_Calm,Visibility_Moderate
Longmont,No rain,No snow,30-Jan,18:00,Temp_Cool,Humidity_Moderate,Pressure_Normal,Wind_Calm,Visibility_Moderate
Longmont,No rain,No snow,30-Jan,21:00,Temp_Cool,Humidity_Moderate,Pressure_Normal,Wind_Calm,Visibility_Moderate
Longmont,No rain,No snow,31-Jan,0:00,Temp_Cool,Humidity_Moderate,Pressure_Normal,Wind_Calm,Visibility_Moderate
Longmont,No rain,No snow,31-Jan,3:00,Temp_Cool,Humidity_Moderate,Pressure_Normal,Wind_Calm,Visibility_Moderate
Longmont,Rain,No snow,31-Jan,6:00,Temp_Cool,Humidity_Moderate,Pressure_Normal,Wind_Calm,Visibility_Moderate
Longmont,No rain,No snow,31-Jan,9:00,Temp_Cool,Humidity_Moderate,Pressure_Normal,Wind_Calm,Visibility_Moderate
Longmont,No rain,No snow,31-Jan,12:00,Temp_Cool,Humidity_Moderate,Pressure_Normal,Wind_Calm,Visibility_Moderate
Longmont,No rain,No snow,31-Jan,15:00,Temp_Cool,Humidity_Moderate,Pressure_Normal,Wind_Calm,Visibility_Moderate
Longmont,No rain,No snow,31-Jan,18:00,Temp_Cool,Humidity_Moderate,Pressure_Normal,Wind_Calm,Visibility_Moderate
Longmont,No rain,No snow,31-Jan,21:00,Temp_Cool,Humidity_Moderate,Pressure_Normal,Wind_Calm,Visibility_Moderate
